Protocollo;Gruppo;DataOraIncidente;Localizzazione1;STRADA1;Localizzazione2;STRADA2;Strada02;Chilometrica;DaSpecificare;NaturaIncidente;particolaritastrade;TipoStrada;FondoStradale;Pavimentazione;Segnaletica;CondizioneAtmosferica;Traffico;Visibilita;Illuminazione;NUM_FERITI;NUM_RISERVATA;NUM_MORTI;NUM_ILLESI;Longitudine;Latitudine;Confermato;Progressivo;TipoVeicolo;StatoVeicolo;TipoPersona;Sesso;Tipolesione;Deceduto;DecedutoDopo;CinturaCascoUtilizzato;Airbag
1958834;17;07/11/2013 11:50;Strada Urbana;PIAZZALE CLODIO;in prossimità;;del civico n. ;2;;Tamponamento;Rettilineo;Una carreggiata a senso unico di marcia;Asciutto;Asfaltata;Verticale ed orizzontale;Sereno;Normale;Buona;Ore Diurne;0;0;0;3;;;-1;1;Autovettura privata;In marcia / fermata / arresto;Passeggero;M;Illeso;0;;Non accertato;Inesistente
1958834;17;07/11/2013 11:50;Strada Urbana;PIAZZALE CLODIO;in prossimità;;del civico n. ;2;;Tamponamento;Rettilineo;Una carreggiata a senso unico di marcia;Asciutto;Asfaltata;Verticale ed orizzontale;Sereno;Normale;Buona;Ore Diurne;0;0;0;3;;;-1;2;Autovettura privata;In marcia / fermata / arresto;Conducente;F;Illeso;0;;Non accertato;Inesistente
1958835;17;07/11/2013 16:30;Strada Urbana;VIA CASSIODORO;in corrispondenza;;del civico n. ;2b;;Veicolo in marcia contro veicolo arresto;Rettilineo;Una carreggiata a senso unico di marcia;Asciutto;Asfaltata;Verticale ed orizzontale;Sereno;Normale;Buona;Ore Diurne;0;0;0;6;;;-1;1;Autovettura privata;In marcia / fermata / arresto;Conducente;F;Illeso;0;;Non accertato;Inesistente
1958835;17;07/11/2013 16:30;Strada Urbana;VIA CASSIODORO;in corrispondenza;;del civico n. ;2b;;Veicolo in marcia contro veicolo arresto;Rettilineo;Una carreggiata a senso unico di marcia;Asciutto;Asfaltata;Verticale ed orizzontale;Sereno;Normale;Buona;Ore Diurne;0;0;0;6;;;-1;1;Autovettura privata;In marcia / fermata / arresto;Passeggero;F;Illeso;0;;Non accertato;Inesistente
1958835;17;07/11/2013 16:30;Strada Urbana;VIA CASSIODORO;in corrispondenza;;del civico n. ;2b;;Veicolo in marcia contro veicolo arresto;Rettilineo;Una carreggiata a senso unico di marcia;Asciutto;Asfaltata;Verticale ed orizzontale;Sereno;Normale;Buona;Ore Diurne;0;0;0;6;;;-1;1;Autovettura privata;In marcia / fermata / arresto;Passeggero;F;Illeso;0;;Non accertato;Inesistente
1958835;17;07/11/2013 16:30;Strada Urbana;VIA CASSIODORO;in corrispondenza;;del civico n. ;2b;;Veicolo in marcia contro veicolo arresto;Rettilineo;Una carreggiata a senso unico di marcia;Asciutto;Asfaltata;Verticale ed orizzontale;Sereno;Normale;Buona;Ore Diurne;0;0;0;6;;;-1;2;Autovettura privata;In marcia / fermata / arresto;Conducente;M;Illeso;0;;Non accertato;Inesistente
1958835;17;07/11/2013 16:30;Strada Urbana;VIA CASSIODORO;in corrispondenza;;del civico n. ;2b;;Veicolo in marcia contro veicolo arresto;Rettilineo;Una carreggiata a senso unico di marcia;Asciutto;Asfaltata;Verticale ed orizzontale;Sereno;Normale;Buona;Ore Diurne;0;0;0;6;;;-1;2;Autovettura privata;In marcia / fermata / arresto;Passeggero;F;Illeso;0;;Non accertato;Inesistente
1958836;2;08/11/2013 09:00;Strada Urbana;VIA ARCHIANO;in prossimità;;del civico n. ;19;;Infortunio per sola frenata improvvisa;Pendenza;Una carreggiata a senso unico di marcia;Sdrucciolevole (pietrisco);Asfaltata;Verticale ed orizzontale;Nuvoloso;Scarso;Buona;Ore Diurne;1;0;0;2;;;-1;1;Motociclo a solo;In marcia / fermata / arresto;Conducente;F;Rimandato;0;NON DECEDUTO;Non accertato;Inesistente
1958836;2;08/11/2013 09:00;Strada Urbana;VIA ARCHIANO;in prossimità;;del civico n. ;19;;Infortunio per sola frenata improvvisa;Pendenza;Una carreggiata a senso unico di marcia;Sdrucciolevole (pietrisco);Asfaltata;Verticale ed orizzontale;Nuvoloso;Scarso;Buona;Ore Diurne;1;0;0;2;;;-1;2;Autovettura privata;In marcia / fermata / arresto;Conducente;M;Illeso;0;;Non accertato;Inesistente
1958836;2;08/11/2013 09:00;Strada Urbana;VIA ARCHIANO;in prossimità;;del civico n. ;19;;Infortunio per sola frenata improvvisa;Pendenza;Una carreggiata a senso unico di marcia;Sdrucciolevole (pietrisco);Asfaltata;Verticale ed orizzontale;Nuvoloso;Scarso;Buona;Ore Diurne;1;0;0;2;;;-1;3;Autovettura privata;In marcia / fermata / arresto;Conducente;F;Illeso;0;;Non accertato;Inesistente
1958837;17;07/11/2013 09:10;Strada Urbana;LUNGOTEVERE MICHELANGELO;in prossimità;;del civico n. ;10;;Scontro laterale fra veicoli in marcia;Rettilineo;Più di due carreggiate;Asciutto;Asfaltata;Verticale ed orizzontale;Sereno;Normale;Buona;Ore Diurne;2;0;0;1;;;-1;1;Motociclo con passeggero;In marcia / fermata / arresto;Conducente;M;Rimandato;0;NON DECEDUTO;Non accertato;Inesistente
1958837;17;07/11/2013 09:10;Strada Urbana;LUNGOTEVERE MICHELANGELO;in prossimità;;del civico n. ;10;;Scontro laterale fra veicoli in marcia;Rettilineo;Più di due carreggiate;Asciutto;Asfaltata;Verticale ed orizzontale;Sereno;Normale;Buona;Ore Diurne;2;0;0;1;;;-1;1;Motociclo con passeggero;In marcia / fermata / arresto;Passeggero;;Rifiuta cure immediate;0;NON DECEDUTO;Non accertato;Inesistente
1958837;17;07/11/2013 09:10;Strada Urbana;LUNGOTEVERE MICHELANGELO;in prossimità;;del civico n. ;10;;Scontro laterale fra veicoli in marcia;Rettilineo;Più di due carreggiate;Asciutto;Asfaltata;Verticale ed orizzontale;Sereno;Normale;Buona;Ore Diurne;2;0;0;1;;;-1;2;Autovettura privata;In marcia / fermata / arresto;Conducente;M;Illeso;0;;Non accertato;Inesistente
1958838;2;08/11/2013 07:30;Strada Urbana;VIA LUIGI BELLOTTI BON;all'intersezione con;PIAZZA DIGIONE;PIAZZA DIGIONE;;;Scontro frontale/laterale SX fra veicoli in marcia;Incrocio;Una carreggiata a senso unico di marcia;Asciutto;Asfaltata;Verticale ed orizzontale;Nuvoloso;Scarso;Buona;Ore Diurne;1;0;0;1;;;-1;1;Quadriciclo leggero;In marcia / fermata / arresto;Conducente;F;Illeso;0;;Non accertato;Inesistente
1958838;2;08/11/2013 07:30;Strada Urbana;VIA LUIGI BELLOTTI BON;all'intersezione con;PIAZZA DIGIONE;PIAZZA DIGIONE;;;Scontro frontale/laterale SX fra veicoli in marcia;Incrocio;Una carreggiata a senso unico di marcia;Asciutto;Asfaltata;Verticale ed orizzontale;Nuvoloso;Scarso;Buona;Ore Diurne;1;0;0;1;;;-1;2;Ciclomotore;In marcia / fermata / arresto;Conducente;M;Rimandato;0;NON DECEDUTO;Utilizzato;Inesistente
1958839;17;07/11/2013 12:40;Strada Urbana;VIA DELLA GIULIANA;all'intersezione semaforizzata con;VIA BU MELIANA;VIA BU MELIANA;;;Scontro frontale/laterale DX fra veicoli in marcia;Incrocio;Una carreggiata a doppio senso;Asciutto;Asfaltata;Verticale ed orizzontale;Sereno;Normale;Buona;Ore Diurne;1;0;0;2;12.45477;41.91042;-1;1;Autovettura privata;In marcia / fermata / arresto;Conducente;M;Illeso;0;;Non accertato;Inesistente
1958839;17;07/11/2013 12:40;Strada Urbana;VIA DELLA GIULIANA;all'intersezione semaforizzata con;VIA BU MELIANA;VIA BU MELIANA;;;Scontro frontale/laterale DX fra veicoli in marcia;Incrocio;Una carreggiata a doppio senso;Asciutto;Asfaltata;Verticale ed orizzontale;Sereno;Normale;Buona;Ore Diurne;1;0;0;2;12.45477;41.91042;-1;1;Autovettura privata;In marcia / fermata / arresto;Passeggero;F;Illeso;0;;Non accertato;Inesistente
1958839;17;07/11/2013 12:40;Strada Urbana;VIA DELLA GIULIANA;all'intersezione semaforizzata con;VIA BU MELIANA;VIA BU MELIANA;;;Scontro frontale/laterale DX fra veicoli in marcia;Incrocio;Una carreggiata a doppio senso;Asciutto;Asfaltata;Verticale ed orizzontale;Sereno;Normale;Buona;Ore Diurne;1;0;0;2;12.45477;41.91042;-1;2;Motociclo a solo;In marcia / fermata / arresto;Conducente;M;Rimandato;0;NON DECEDUTO;Non accertato;Inesistente
1958840;19;08/11/2013 10:55;Strada Urbana;VIA MATTIA BATTISTINI;all'intersezione con;VIA SUOR CELESTINA DONATI;VIA SUOR CELESTINA DONATI;;;Scontro frontale/laterale DX fra veicoli in marcia;Incrocio;Una carreggiata a doppio senso;Asciutto;Asfaltata;Verticale ed orizzontale;Nuvoloso;Normale;Buona;Ore Diurne;3;0;0;2;;;-1;1;Autovettura privata;In marcia / fermata / arresto;Conducente;M;Illeso;0;;Non accertato;Inesistente
1958840;19;08/11/2013 10:55;Strada Urbana;VIA MATTIA BATTISTINI;all'intersezione con;VIA SUOR CELESTINA DONATI;VIA SUOR CELESTINA DONATI;;;Scontro frontale/laterale DX fra veicoli in marcia;Incrocio;Una carreggiata a doppio senso;Asciutto;Asfaltata;Verticale ed orizzontale;Nuvoloso;Normale;Buona;Ore Diurne;3;0;0;2;;;-1;2;Autovettura privata;In marcia / fermata / arresto;Conducente;M;Illeso;0;;Non accertato;Inesistente
1958840;19;08/11/2013 10:55;Strada Urbana;VIA MATTIA BATTISTINI;all'intersezione con;VIA SUOR CELESTINA DONATI;VIA SUOR CELESTINA DONATI;;;Scontro frontale/laterale DX fra veicoli in marcia;Incrocio;Una carreggiata a doppio senso;Asciutto;Asfaltata;Verticale ed orizzontale;Nuvoloso;Normale;Buona;Ore Diurne;3;0;0;2;;;-1;2;Autovettura privata;In marcia / fermata / arresto;Passeggero;F;Rimandato;0;NON DECEDUTO;Non accertato;Inesistente
1958840;19;08/11/2013 10:55;Strada Urbana;VIA MATTIA BATTISTINI;all'intersezione con;VIA SUOR CELESTINA DONATI;VIA SUOR CELESTINA DONATI;;;Scontro frontale/laterale DX fra veicoli in marcia;Incrocio;Una carreggiata a doppio senso;Asciutto;Asfaltata;Verticale ed orizzontale;Nuvoloso;Normale;Buona;Ore Diurne;3;0;0;2;;;-1;2;Autovettura privata;In marcia / fermata / arresto;Passeggero;M;Rimandato;0;NON DECEDUTO;;Inesistente
1958840;19;08/11/2013 10:55;Strada Urbana;VIA MATTIA BATTISTINI;all'intersezione con;VIA SUOR CELESTINA DONATI;VIA SUOR CELESTINA DONATI;;;Scontro frontale/laterale DX fra veicoli in marcia;Incrocio;Una carreggiata a doppio senso;Asciutto;Asfaltata;Verticale ed orizzontale;Nuvoloso;Normale;Buona;Ore Diurne;3;0;0;2;;;-1;2;Autovettura privata;In marcia / fermata / arresto;Passeggero;M;Rimandato;0;NON DECEDUTO;Non accertato;Inesistente
1958841;23;07/11/2013 18:15;Strada Urbana;PIAZZA DI PONTE UMBERTO I;all'intersezione semaforizzata con;LUNGOTEVERE MARZIO;LUNGOTEVERE MARZIO;;;Scontro laterale fra veicoli in marcia;Incrocio;Una carreggiata a senso unico di marcia;Asciutto;Asfaltata;Verticale ed orizzontale;Sereno;Normale;Buona;Sufficiente;0;0;0;2;;;-1;1;Motociclo a solo;In marcia / fermata / arresto;Conducente;M;Illeso;0;;Utilizzato;Inesistente
1958841;23;07/11/2013 18:15;Strada Urbana;PIAZZA DI PONTE UMBERTO I;all'intersezione semaforizzata con;LUNGOTEVERE MARZIO;LUNGOTEVERE MARZIO;;;Scontro laterale fra veicoli in marcia;Incrocio;Una carreggiata a senso unico di marcia;Asciutto;Asfaltata;Verticale ed orizzontale;Sereno;Normale;Buona;Sufficiente;0;0;0;2;;;-1;2;Motociclo a solo;In marcia / fermata / arresto;Conducente;M;Illeso;0;;Utilizzato;Inesistente
1958842;2;07/11/2013 17:10;Strada Urbana;VIA LUIGI CANINA;in prossimità;;del civico n. ;6;;Veicolo in marcia contro veicoli in sosta;Rettilineo;Una carreggiata a senso unico di marcia;Asciutto;Asfaltata;Verticale ed orizzontale;Sereno;Normale;Buona;Sufficiente;0;0;0;1;;;-1;4;Autocarro inferiore 35 q.;In marcia / fermata / arresto;Conducente;M;Illeso;0;;Non accertato;Inesistente
1958843;9;08/11/2013 11:45;Strada Urbana;VIA APPIA NUOVA;in corrispondenza;;del civico n. ;23;;Veicolo in marcia contro veicolo in sosta;Rettilineo;Una carreggiata a senso unico di marcia;Asciutto;Asfaltata;Verticale ed orizzontale;Sereno;Normale;Buona;Ore Diurne;0;0;0;1;;;-1;1;Autovettura privata;In marcia / fermata / arresto;Conducente;F;Illeso;0;;Non accertato;Inesploso
1958844;12;08/11/2013 08:15;Strada Urbana;VIALE DELL'ARTE;in prossimità;;del civico n. ;66;;Tamponamento Multiplo;Rettilineo;Una carreggiata a doppio senso;Bagnato (umidità in atto);Asfaltata;Verticale ed orizzontale;Sereno;Normale;Buona;Ore Diurne;0;0;0;3;;;-1;1;Autovettura privata;In marcia / fermata / arresto;Conducente;F;Illeso;0;;Utilizzato;Inesploso
1958844;12;08/11/2013 08:15;Strada Urbana;VIALE DELL'ARTE;in prossimità;;del civico n. ;66;;Tamponamento Multiplo;Rettilineo;Una carreggiata a doppio senso;Bagnato (umidità in atto);Asfaltata;Verticale ed orizzontale;Sereno;Normale;Buona;Ore Diurne;0;0;0;3;;;-1;2;Quadriciclo leggero;In marcia / fermata / arresto;Conducente;F;Illeso;0;;Utilizzato;Inesistente
1958844;12;08/11/2013 08:15;Strada Urbana;VIALE DELL'ARTE;in prossimità;;del civico n. ;66;;Tamponamento Multiplo;Rettilineo;Una carreggiata a doppio senso;Bagnato (umidità in atto);Asfaltata;Verticale ed orizzontale;Sereno;Normale;Buona;Ore Diurne;0;0;0;3;;;-1;3;Autovettura privata;In marcia / fermata / arresto;Conducente;M;Illeso;0;;Utilizzato;Inesploso
1958845;12;07/11/2013 08:05;Strada Urbana;VIA CRISTOFORO COLOMBO;da specificare;;;;alt. V.le Umanesimo;Tamponamento;Rettilineo;Una carreggiata a senso unico di marcia;Asciutto;Asfaltata;Verticale ed orizzontale;Sereno;Intenso;Buona;Ore Diurne;1;0;0;2;;;-1;1;Autovettura privata;In marcia / fermata / arresto;Conducente;M;Illeso;0;;Utilizzato;Inesistente
1958845;12;07/11/2013 08:05;Strada Urbana;VIA CRISTOFORO COLOMBO;da specificare;;;;alt. V.le Umanesimo;Tamponamento;Rettilineo;Una carreggiata a senso unico di marcia;Asciutto;Asfaltata;Verticale ed orizzontale;Sereno;Intenso;Buona;Ore Diurne;1;0;0;2;;;-1;1;Autovettura privata;In marcia / fermata / arresto;Passeggero;M;Illeso;0;;Utilizzato;Inesistente
1958845;12;07/11/2013 08:05;Strada Urbana;VIA CRISTOFORO COLOMBO;da specificare;;;;alt. V.le Umanesimo;Tamponamento;Rettilineo;Una carreggiata a senso unico di marcia;Asciutto;Asfaltata;Verticale ed orizzontale;Sereno;Intenso;Buona;Ore Diurne;1;0;0;2;;;-1;2;Motociclo a solo;In marcia / fermata / arresto;Conducente;M;Rimandato;0;NON DECEDUTO;Non accertato;Inesistente
1958846;12;07/11/2013 09:00;Strada Urbana;VIA CRISTOFORO COLOMBO;da specificare;;;;(laterale) alt. palo ACEA 360;Scontro laterale fra veicoli in marcia;Curva a visuale libera;Una carreggiata a senso unico di marcia;Asciutto;Asfaltata;Orizzontale;Sereno;Normale;Buona;Ore Diurne;1;0;0;1;;;-1;1;Motociclo a solo;In marcia / fermata / arresto;Conducente;M;Rimandato;0;NON DECEDUTO;Utilizzato;Inesistente
1958846;12;07/11/2013 09:00;Strada Urbana;VIA CRISTOFORO COLOMBO;da specificare;;;;(laterale) alt. palo ACEA 360;Scontro laterale fra veicoli in marcia;Curva a visuale libera;Una carreggiata a senso unico di marcia;Asciutto;Asfaltata;Orizzontale;Sereno;Normale;Buona;Ore Diurne;1;0;0;1;;;-1;2;Autovettura privata;In marcia / fermata / arresto;Conducente;M;Illeso;0;;Utilizzato;Inesistente
1958847;2;07/11/2013 23:05;Strada Urbana;LUNGOTEVERE FLAMINIO;all'intersezione con;PIAZZA GENTILE DA FABRIANO;PIAZZA GENTILE DA FABRIANO;;;Investimento di pedone;Intersezione stradale segnalata;Una carreggiata a doppio senso;Bagnato (pioggia);Asfaltata;Verticale ed orizzontale;Pioggia in atto;Scarso;Sufficiente;Sufficiente;1;0;0;1;;;-1;;;;Pedone;M;Ricoverato;0;NON DECEDUTO;;
1958847;2;07/11/2013 23:05;Strada Urbana;LUNGOTEVERE FLAMINIO;all'intersezione con;PIAZZA GENTILE DA FABRIANO;PIAZZA GENTILE DA FABRIANO;;;Investimento di pedone;Intersezione stradale segnalata;Una carreggiata a doppio senso;Bagnato (pioggia);Asfaltata;Verticale ed orizzontale;Pioggia in atto;Scarso;Sufficiente;Sufficiente;1;0;0;1;;;-1;1;Autovettura privata;In marcia / fermata / arresto;Conducente;M;Illeso;0;;Non accertato;Inesistente
1958849;18;06/11/2013 07:45;Strada Urbana;PIAZZA DEI GIURECONSULTI;in prossimità;;del civico n. ;18;;Scontro laterale fra veicoli in marcia;Rettilineo;Una carreggiata a doppio senso;Asciutto;Asfaltata;Verticale ed orizzontale;Sereno;Normale;Buona;Ore Diurne;0;0;0;4;;;-1;1;Autovettura privata;In marcia / fermata / arresto;Conducente;F;Illeso;0;;Non accertato;Inesploso
1958849;18;06/11/2013 07:45;Strada Urbana;PIAZZA DEI GIURECONSULTI;in prossimità;;del civico n. ;18;;Scontro laterale fra veicoli in marcia;Rettilineo;Una carreggiata a doppio senso;Asciutto;Asfaltata;Verticale ed orizzontale;Sereno;Normale;Buona;Ore Diurne;0;0;0;4;;;-1;1;Autovettura privata;In marcia / fermata / arresto;Passeggero;M;Illeso;0;;Non accertato;Inesploso
1958849;18;06/11/2013 07:45;Strada Urbana;PIAZZA DEI GIURECONSULTI;in prossimità;;del civico n. ;18;;Scontro laterale fra veicoli in marcia;Rettilineo;Una carreggiata a doppio senso;Asciutto;Asfaltata;Verticale ed orizzontale;Sereno;Normale;Buona;Ore Diurne;0;0;0;4;;;-1;1;Autovettura privata;In marcia / fermata / arresto;Passeggero;M;Illeso;0;;Non accertato;Inesploso
1958849;18;06/11/2013 07:45;Strada Urbana;PIAZZA DEI GIURECONSULTI;in prossimità;;del civico n. ;18;;Scontro laterale fra veicoli in marcia;Rettilineo;Una carreggiata a doppio senso;Asciutto;Asfaltata;Verticale ed orizzontale;Sereno;Normale;Buona;Ore Diurne;0;0;0;4;;;-1;2;Autovettura privata;In marcia / fermata / arresto;Conducente;M;Illeso;0;;Non accertato;Inesploso
1958850;9;08/11/2013 11:00;Strada Urbana;VIA APPIA NUOVA;in corrispondenza;;del civico n. ;522;;Scontro laterale fra veicoli in marcia;Rettilineo;Due carreggiate;Asciutto;Asfaltata;Verticale ed orizzontale;Sereno;Normale;Buona;Ore Diurne;0;0;0;2;;;-1;1;Autovettura privata;In marcia / fermata / arresto;Conducente;M;Illeso;0;;Non accertato;Inesistente
1958850;9;08/11/2013 11:00;Strada Urbana;VIA APPIA NUOVA;in corrispondenza;;del civico n. ;522;;Scontro laterale fra veicoli in marcia;Rettilineo;Due carreggiate;Asciutto;Asfaltata;Verticale ed orizzontale;Sereno;Normale;Buona;Ore Diurne;0;0;0;2;;;-1;2;Motociclo con passeggero;In marcia / fermata / arresto;Conducente;M;Illeso;0;;Non accertato;Inesistente
1958851;2;08/11/2013 00:30;Strada Urbana;VIALE ERITREA;all'intersezione semaforizzata con;VIA SIRTE;VIA SIRTE;;;Scontro frontale/laterale SX fra veicoli in marcia;Incrocio;Due carreggiate;Bagnato (pioggia);Asfaltata;Verticale ed orizzontale;Pioggia in atto;Scarso;Sufficiente;Sufficiente;1;0;0;1;;;-1;1;Autovettura privata;In marcia / fermata / arresto;Conducente;M;Illeso;0;;Non accertato;Inesistente
1958851;2;08/11/2013 00:30;Strada Urbana;VIALE ERITREA;all'intersezione semaforizzata con;VIA SIRTE;VIA SIRTE;;;Scontro frontale/laterale SX fra veicoli in marcia;Incrocio;Due carreggiate;Bagnato (pioggia);Asfaltata;Verticale ed orizzontale;Pioggia in atto;Scarso;Sufficiente;Sufficiente;1;0;0;1;;;-1;2;Autovettura privata;In marcia / fermata / arresto;Conducente;M;Rimandato;0;NON DECEDUTO;Non accertato;Inesistente
1958852;10;08/11/2013 07:15;Strada Urbana;VIA TUSCOLANA;in corrispondenza;;del civico n. ;779/a;;Scontro laterale fra veicoli in marcia;Rettilineo;Due carreggiate;Asciutto;Asfaltata;Verticale ed orizzontale;Sereno;Normale;Buona;Ore Diurne;2;0;0;0;;;-1;1;Motociclo a solo;In marcia / fermata / arresto;Conducente;M;Rimandato;0;NON DECEDUTO;Non accertato;Inesistente
1958852;10;08/11/2013 07:15;Strada Urbana;VIA TUSCOLANA;in corrispondenza;;del civico n. ;779/a;;Scontro laterale fra veicoli in marcia;Rettilineo;Due carreggiate;Asciutto;Asfaltata;Verticale ed orizzontale;Sereno;Normale;Buona;Ore Diurne;2;0;0;0;;;-1;2;Motociclo a solo;In marcia / fermata / arresto;Conducente;M;Rimandato;0;NON DECEDUTO;Non accertato;Inesistente
1958853;10;08/11/2013 12:00;Strada Urbana;VIALE PALMIRO TOGLIATTI;da specificare;;;;area di parcheggio fronte cntro comm. cinecittà 2;Veicolo in marcia contro veicolo arresto;Rettilineo;Più di due carreggiate;Asciutto;Asfaltata;Orizzontale;Sereno;Scarso;Buona;Ore Diurne;0;0;0;4;;;-1;1;Autovettura privata;In marcia / fermata / arresto;Conducente;F;Illeso;0;;Non accertato;Inesistente
1958853;10;08/11/2013 12:00;Strada Urbana;VIALE PALMIRO TOGLIATTI;da specificare;;;;area di parcheggio fronte cntro comm. cinecittà 2;Veicolo in marcia contro veicolo arresto;Rettilineo;Più di due carreggiate;Asciutto;Asfaltata;Orizzontale;Sereno;Scarso;Buona;Ore Diurne;0;0;0;4;;;-1;1;Autovettura privata;In marcia / fermata / arresto;Passeggero;M;Illeso;0;;Non accertato;Inesistente
1958853;10;08/11/2013 12:00;Strada Urbana;VIALE PALMIRO TOGLIATTI;da specificare;;;;area di parcheggio fronte cntro comm. cinecittà 2;Veicolo in marcia contro veicolo arresto;Rettilineo;Più di due carreggiate;Asciutto;Asfaltata;Orizzontale;Sereno;Scarso;Buona;Ore Diurne;0;0;0;4;;;-1;1;Autovettura privata;In marcia / fermata / arresto;Passeggero;F;Illeso;0;;Non accertato;Inesistente
1958853;10;08/11/2013 12:00;Strada Urbana;VIALE PALMIRO TOGLIATTI;da specificare;;;;area di parcheggio fronte cntro comm. cinecittà 2;Veicolo in marcia contro veicolo arresto;Rettilineo;Più di due carreggiate;Asciutto;Asfaltata;Orizzontale;Sereno;Scarso;Buona;Ore Diurne;0;0;0;4;;;-1;2;Autovettura privata;In marcia / fermata / arresto;Conducente;M;Illeso;0;;Non accertato;Inesploso
1958854;18;08/11/2013 10:00;Strada Urbana;VIA AURELIA;in corrispondenza;;del civico n. ;34;;Ribaltamento senza urto contro ostacolo fisso;Rettilineo;Una carreggiata a senso unico di marcia;Asciutto;Asfaltata;Verticale ed orizzontale;Sereno;Normale;Buona;Ore Diurne;1;0;0;0;;;-1;1;Motociclo a solo;In marcia / fermata / arresto;Conducente;M;Rimandato;0;NON DECEDUTO;Non accertato;Inesploso
1958855;4;08/11/2013 07:40;Strada Urbana;VIA UGO OJETTI;all'intersezione con;VIA DI CASAL BOCCONE;VIA DI CASAL BOCCONE;;;Scontro laterale fra veicoli in marcia;Rotatoria;Due carreggiate;Bagnato (umidità in atto);Asfaltata;Verticale ed orizzontale;Nuvoloso;Normale;Buona;Ore Diurne;0;0;0;3;;;-1;1;Motociclo a solo;In marcia / fermata / arresto;Conducente;M;Illeso;0;;Non accertato;Inesistente
1958855;4;08/11/2013 07:40;Strada Urbana;VIA UGO OJETTI;all'intersezione con;VIA DI CASAL BOCCONE;VIA DI CASAL BOCCONE;;;Scontro laterale fra veicoli in marcia;Rotatoria;Due carreggiate;Bagnato (umidità in atto);Asfaltata;Verticale ed orizzontale;Nuvoloso;Normale;Buona;Ore Diurne;0;0;0;3;;;-1;2;Autovettura privata;In marcia / fermata / arresto;Conducente;M;Illeso;0;;Non accertato;Inesploso
1958855;4;08/11/2013 07:40;Strada Urbana;VIA UGO OJETTI;all'intersezione con;VIA DI CASAL BOCCONE;VIA DI CASAL BOCCONE;;;Scontro laterale fra veicoli in marcia;Rotatoria;Due carreggiate;Bagnato (umidità in atto);Asfaltata;Verticale ed orizzontale;Nuvoloso;Normale;Buona;Ore Diurne;0;0;0;3;;;-1;2;Autovettura privata;In marcia / fermata / arresto;Passeggero;M;Illeso;0;;Non accertato;Inesistente
1958856;4;08/11/2013 09:00;Strada Urbana;VIA DELLE VIGNE NUOVE;da specificare;;;;altezza via Rodolfo Valentino;Tamponamento;Rettilineo;Una carreggiata a doppio senso;Asciutto;Asfaltata;Verticale ed orizzontale;Sereno;Normale;Buona;Ore Diurne;1;0;0;1;;;-1;1;Autovettura privata;In marcia / fermata / arresto;Conducente;F;Rifiuta cure immediate;0;NON DECEDUTO;Non accertato;Inesistente
1958856;4;08/11/2013 09:00;Strada Urbana;VIA DELLE VIGNE NUOVE;da specificare;;;;altezza via Rodolfo Valentino;Tamponamento;Rettilineo;Una carreggiata a doppio senso;Asciutto;Asfaltata;Verticale ed orizzontale;Sereno;Normale;Buona;Ore Diurne;1;0;0;1;;;-1;2;Autovettura privata;In marcia / fermata / arresto;Conducente;F;Illeso;0;;Utilizzato;
1958857;4;08/11/2013 06:30;Strada Urbana;VIA DARIO NICCODEMI;all'intersezione con;VIA RICCARDO BACCHELLI;VIA RICCARDO BACCHELLI;;;Scontro frontale/laterale DX fra veicoli in marcia;Incrocio;Una carreggiata a doppio senso;Bagnato (pioggia);Asfaltata;Verticale ed orizzontale;Nuvoloso;Scarso;Buona;Ore Diurne;1;0;0;1;;;-1;1;Autovettura privata;In marcia / fermata / arresto;Conducente;M;Rifiuta cure immediate;0;NON DECEDUTO;Non accertato;
1958857;4;08/11/2013 06:30;Strada Urbana;VIA DARIO NICCODEMI;all'intersezione con;VIA RICCARDO BACCHELLI;VIA RICCARDO BACCHELLI;;;Scontro frontale/laterale DX fra veicoli in marcia;Incrocio;Una carreggiata a doppio senso;Bagnato (pioggia);Asfaltata;Verticale ed orizzontale;Nuvoloso;Scarso;Buona;Ore Diurne;1;0;0;1;;;-1;2;Autovettura privata;In marcia / fermata / arresto;Conducente;M;Illeso;0;;Non accertato;Inesistente
1958858;1;08/11/2013 08:25;Strada Urbana;PIAZZA DI PORTA S. PAOLO;all'intersezione con;VIA MARMORATA;VIA MARMORATA;;;Scontro laterale fra veicoli in marcia;Incrocio;Una carreggiata a senso unico di marcia;Asciutto;Acciotolata;Verticale ed orizzontale;Nuvoloso;Normale;Buona;Ore Diurne;0;0;0;2;;;-1;1;Autovettura privata;In marcia / fermata / arresto;Conducente;F;Illeso;0;;Non accertato;Inesistente
1958858;1;08/11/2013 08:25;Strada Urbana;PIAZZA DI PORTA S. PAOLO;all'intersezione con;VIA MARMORATA;VIA MARMORATA;;;Scontro laterale fra veicoli in marcia;Incrocio;Una carreggiata a senso unico di marcia;Asciutto;Acciotolata;Verticale ed orizzontale;Nuvoloso;Normale;Buona;Ore Diurne;0;0;0;2;;;-1;2;Autovettura privata;In marcia / fermata / arresto;Conducente;M;Illeso;0;;Non accertato;Inesistente
1958859;1;08/11/2013 08:50;Strada Urbana;VIALE CARLO FELICE;in prossimità;;del civico n.;59;;Tamponamento;Rettilineo;Due carreggiate;Asciutto;Asfaltata;Verticale ed orizzontale;Sereno;Normale;Buona;Ore Diurne;0;0;0;2;12.51051;41.88713;-1;1;Autovettura privata;In marcia / fermata / arresto;Conducente;M;Illeso;0;;Utilizzato;Inesploso
1958859;1;08/11/2013 08:50;Strada Urbana;VIALE CARLO FELICE;in prossimità;;del civico n.;59;;Tamponamento;Rettilineo;Due carreggiate;Asciutto;Asfaltata;Verticale ed orizzontale;Sereno;Normale;Buona;Ore Diurne;0;0;0;2;12.51051;41.88713;-1;2;Autovettura privata;In marcia / fermata / arresto;Conducente;F;Illeso;0;;Utilizzato;