Protocollo;Gruppo;DataOraIncidente;Localizzazione1;STRADA1;Localizzazione2;STRADA2;Strada02;Chilometrica;DaSpecificare;NaturaIncidente;particolaritastrade;TipoStrada;FondoStradale;Pavimentazione;Segnaletica;CondizioneAtmosferica;Traffico;Visibilita;Illuminazione;NUM_FERITI;NUM_RISERVATA;NUM_MORTI;NUM_ILLESI;Longitudine;Latitudine;Confermato;Progressivo;TipoVeicolo;StatoVeicolo;TipoPersona;Sesso;Tipolesione;Deceduto;DecedutoDopo;CinturaCascoUtilizzato;Airbag
1959837;10;18/11/2013 19:00;Strada Urbana;VIA ANAGNINA;in prossimità;;del civico n. ;554;;Tamponamento Multiplo;Rettilineo;Due carreggiate;Asciutto;Asfaltata;Verticale ed orizzontale;Sereno;Intenso;Sufficiente;Sufficiente;0;0;0;3;;;-1;2;Autovettura privata;In marcia / fermata / arresto;Conducente;M;Illeso;0;;Non accertato;Inesistente
1959837;10;18/11/2013 19:00;Strada Urbana;VIA ANAGNINA;in prossimità;;del civico n. ;554;;Tamponamento Multiplo;Rettilineo;Due carreggiate;Asciutto;Asfaltata;Verticale ed orizzontale;Sereno;Intenso;Sufficiente;Sufficiente;0;0;0;3;;;-1;3;Autovettura privata;In marcia / fermata / arresto;Conducente;F;Illeso;0;;Non accertato;Inesistente
1959838;5;18/11/2013 08:40;Strada Urbana;VIALE GIUSEPPE CAPPI;da specificare;;;;altezza via d. menichella;Scontro laterale fra veicoli in marcia;Rettilineo;Due carreggiate;Asciutto;Asfaltata;Verticale ed orizzontale;Sereno;Normale;Buona;Ore Diurne;1;0;0;1;;;-1;1;Autovettura privata;In marcia / fermata / arresto;Conducente;F;Illeso;0;;Non accertato;Inesploso
1959838;5;18/11/2013 08:40;Strada Urbana;VIALE GIUSEPPE CAPPI;da specificare;;;;altezza via d. menichella;Scontro laterale fra veicoli in marcia;Rettilineo;Due carreggiate;Asciutto;Asfaltata;Verticale ed orizzontale;Sereno;Normale;Buona;Ore Diurne;1;0;0;1;;;-1;2;Motociclo a solo;In marcia / fermata / arresto;Conducente;M;Rimandato;0;NON DECEDUTO;Non accertato;Inesistente
1959839;5;18/11/2013 14:55;Strada Urbana;VIA DI CASAL BERTONE;all'intersezione con;VIA ALBERTO POLLIO;VIA ALBERTO POLLIO;;;Infortunio per sola frenata improvvisa;Intersezione stradale segnalata;Una carreggiata a senso unico di marcia;Asciutto;Asfaltata;Verticale ed orizzontale;Sereno;Normale;Buona;Ore Diurne;1;0;0;4;;;-1;1;Motociclo a solo;In marcia / fermata / arresto;Conducente;M;Rimandato;0;NON DECEDUTO;Non accertato;Inesistente
1959839;5;18/11/2013 14:55;Strada Urbana;VIA DI CASAL BERTONE;all'intersezione con;VIA ALBERTO POLLIO;VIA ALBERTO POLLIO;;;Infortunio per sola frenata improvvisa;Intersezione stradale segnalata;Una carreggiata a senso unico di marcia;Asciutto;Asfaltata;Verticale ed orizzontale;Sereno;Normale;Buona;Ore Diurne;1;0;0;4;;;-1;2;Autobus di linea;In marcia / fermata / arresto;Conducente;M;Illeso;0;;Non accertato;Inesploso
1959839;5;18/11/2013 14:55;Strada Urbana;VIA DI CASAL BERTONE;all'intersezione con;VIA ALBERTO POLLIO;VIA ALBERTO POLLIO;;;Infortunio per sola frenata improvvisa;Intersezione stradale segnalata;Una carreggiata a senso unico di marcia;Asciutto;Asfaltata;Verticale ed orizzontale;Sereno;Normale;Buona;Ore Diurne;1;0;0;4;;;-1;2;Autobus di linea;In marcia / fermata / arresto;Passeggero;F;Illeso;0;;Non accertato;Inesistente
1959839;5;18/11/2013 14:55;Strada Urbana;VIA DI CASAL BERTONE;all'intersezione con;VIA ALBERTO POLLIO;VIA ALBERTO POLLIO;;;Infortunio per sola frenata improvvisa;Intersezione stradale segnalata;Una carreggiata a senso unico di marcia;Asciutto;Asfaltata;Verticale ed orizzontale;Sereno;Normale;Buona;Ore Diurne;1;0;0;4;;;-1;2;Autobus di linea;In marcia / fermata / arresto;Passeggero;F;Illeso;0;;Non accertato;Inesistente
1959840;20;18/11/2013 18:40;Strada Urbana;VIA DEL FORO ITALICO;da specificare;;;;galleria fleming direzione stadio;Tamponamento Multiplo;Galleria illuminata;Una carreggiata a senso unico di marcia;Asciutto;Asfaltata;Orizzontale;Sereno;Intenso;Buona;Sufficiente;1;0;0;4;12.47155;41.94078;-1;1;Autovettura privata;In marcia / fermata / arresto;Conducente;M;Illeso;0;;Non accertato;Inesploso
1959840;20;18/11/2013 18:40;Strada Urbana;VIA DEL FORO ITALICO;da specificare;;;;galleria fleming direzione stadio;Tamponamento Multiplo;Galleria illuminata;Una carreggiata a senso unico di marcia;Asciutto;Asfaltata;Orizzontale;Sereno;Intenso;Buona;Sufficiente;1;0;0;4;12.47155;41.94078;-1;1;Autovettura privata;In marcia / fermata / arresto;Passeggero;M;Illeso;0;;Non accertato;Inesploso
1959840;20;18/11/2013 18:40;Strada Urbana;VIA DEL FORO ITALICO;da specificare;;;;galleria fleming direzione stadio;Tamponamento Multiplo;Galleria illuminata;Una carreggiata a senso unico di marcia;Asciutto;Asfaltata;Orizzontale;Sereno;Intenso;Buona;Sufficiente;1;0;0;4;12.47155;41.94078;-1;2;Autovettura privata;In marcia / fermata / arresto;Conducente;M;Illeso;0;;Non accertato;Inesploso
1959840;20;18/11/2013 18:40;Strada Urbana;VIA DEL FORO ITALICO;da specificare;;;;galleria fleming direzione stadio;Tamponamento Multiplo;Galleria illuminata;Una carreggiata a senso unico di marcia;Asciutto;Asfaltata;Orizzontale;Sereno;Intenso;Buona;Sufficiente;1;0;0;4;12.47155;41.94078;-1;2;Autovettura privata;In marcia / fermata / arresto;Passeggero;M;Rimandato;0;NON DECEDUTO;;Inesistente
1959840;20;18/11/2013 18:40;Strada Urbana;VIA DEL FORO ITALICO;da specificare;;;;galleria fleming direzione stadio;Tamponamento Multiplo;Galleria illuminata;Una carreggiata a senso unico di marcia;Asciutto;Asfaltata;Orizzontale;Sereno;Intenso;Buona;Sufficiente;1;0;0;4;12.47155;41.94078;-1;3;Autovettura privata;In marcia / fermata / arresto;Conducente;M;Illeso;0;;Non accertato;Inesploso
1959841;10;18/11/2013 23:45;Strada Urbana;VIA CROPANI;in prossimità;;del civico n. ;24;;Scontro laterale fra veicoli in marcia;Rettilineo;Una carreggiata a senso unico di marcia;Asciutto;Asfaltata;Assente;Sereno;Scarso;Buona;Sufficiente;0;0;0;2;;;-1;1;Autovettura privata;In marcia / fermata / arresto;Conducente;M;Illeso;0;;Non accertato;Inesistente
1959841;10;18/11/2013 23:45;Strada Urbana;VIA CROPANI;in prossimità;;del civico n. ;24;;Scontro laterale fra veicoli in marcia;Rettilineo;Una carreggiata a senso unico di marcia;Asciutto;Asfaltata;Assente;Sereno;Scarso;Buona;Sufficiente;0;0;0;2;;;-1;2;Autovettura privata;In marcia / fermata / arresto;Conducente;F;Illeso;0;;Non accertato;Inesploso
1959842;5;18/11/2013 19:30;Strada Urbana;VIA RIVISONDOLI;all'intersezione con;VIA RIPA TEATINA;VIA RIPA TEATINA;;;Veicolo in marcia contro ostacolo fisso;Incrocio;Una carreggiata a doppio senso;Asciutto;Asfaltata;Verticale ed orizzontale;Sereno;Scarso;Buona;Sufficiente;0;0;0;1;;;-1;1;Autovettura privata;In marcia / fermata / arresto;Conducente;M;Illeso;0;;Non accertato;Inesploso
1959843;11;18/11/2013 09:30;Strada Urbana;VIA DEL SERAFICO;all'intersezione con;VIA GIOVANNI KEPLERO;VIA GIOVANNI KEPLERO;;;Scontro laterale fra veicoli in marcia;Incrocio;Due carreggiate;Asciutto;Asfaltata;Verticale ed orizzontale;Nuvoloso;Normale;Buona;Ore Diurne;1;0;0;1;;;-1;1;Motociclo a solo;In marcia / fermata / arresto;Conducente;F;Rifiuta cure immediate;0;NON DECEDUTO;Non accertato;Inesploso
1959843;11;18/11/2013 09:30;Strada Urbana;VIA DEL SERAFICO;all'intersezione con;VIA GIOVANNI KEPLERO;VIA GIOVANNI KEPLERO;;;Scontro laterale fra veicoli in marcia;Incrocio;Due carreggiate;Asciutto;Asfaltata;Verticale ed orizzontale;Nuvoloso;Normale;Buona;Ore Diurne;1;0;0;1;;;-1;2;Autovettura privata;In marcia / fermata / arresto;Conducente;F;Illeso;0;;Utilizzato;Inesploso
1959844;13;18/11/2013 10:15;Strada Urbana;VIALE DI CASTEL PORZIANO;in prossimità;;del civico n. ;4651/A;;Scontro frontale/laterale SX fra veicoli in marcia;Rettilineo;Una carreggiata a doppio senso;Asciutto;Asfaltata;Assente;Sereno;Normale;Buona;Ore Diurne;0;0;0;2;;;-1;1;Autovettura privata;In marcia / fermata / arresto;Conducente;F;Illeso;0;;Non accertato;Inesploso
1959844;13;18/11/2013 10:15;Strada Urbana;VIALE DI CASTEL PORZIANO;in prossimità;;del civico n. ;4651/A;;Scontro frontale/laterale SX fra veicoli in marcia;Rettilineo;Una carreggiata a doppio senso;Asciutto;Asfaltata;Assente;Sereno;Normale;Buona;Ore Diurne;0;0;0;2;;;-1;2;Autovettura privata;In marcia / fermata / arresto;Conducente;M;Illeso;0;;Non accertato;Inesploso
1959845;10;19/11/2013 01:50;Strada Urbana;VIA TUSCOLANA;da specificare;;;;dir GRA palo Acea 1018 (distibutore Esso);Scontro laterale fra veicoli in marcia;Rettilineo;Due carreggiate;Bagnato (pioggia);Asfaltata;Assente;Pioggia in atto;Scarso;Buona;Sufficiente;1;0;0;2;12.57954;41.84591;-1;1;Autovettura privata;In marcia / fermata / arresto;Conducente;M;Rifiuta cure immediate;0;NON DECEDUTO;Non accertato;Inesistente
1959845;10;19/11/2013 01:50;Strada Urbana;VIA TUSCOLANA;da specificare;;;;dir GRA palo Acea 1018 (distibutore Esso);Scontro laterale fra veicoli in marcia;Rettilineo;Due carreggiate;Bagnato (pioggia);Asfaltata;Assente;Pioggia in atto;Scarso;Buona;Sufficiente;1;0;0;2;12.57954;41.84591;-1;1;Autovettura privata;In marcia / fermata / arresto;Passeggero;F;Illeso;0;;Non accertato;Inesploso
1959845;10;19/11/2013 01:50;Strada Urbana;VIA TUSCOLANA;da specificare;;;;dir GRA palo Acea 1018 (distibutore Esso);Scontro laterale fra veicoli in marcia;Rettilineo;Due carreggiate;Bagnato (pioggia);Asfaltata;Assente;Pioggia in atto;Scarso;Buona;Sufficiente;1;0;0;2;12.57954;41.84591;-1;2;Autovettura privata;In marcia / fermata / arresto;Conducente;M;Illeso;0;;Non accertato;Inesistente
1959846;9;18/11/2013 18:45;Strada Urbana;VIA TUSCOLANA;all'intersezione semaforizzata con;VIA DELLE CAVE;VIA DELLE CAVE;;;Tamponamento;Incrocio;Due carreggiate;Asciutto;Asfaltata;Verticale ed orizzontale;Sereno;Normale;Buona;Sufficiente;0;0;0;2;12.57954;41.84591;-1;1;Autovettura privata;In marcia / fermata / arresto;Conducente;F;Illeso;0;;Non accertato;Inesploso
1959846;9;18/11/2013 18:45;Strada Urbana;VIA TUSCOLANA;all'intersezione semaforizzata con;VIA DELLE CAVE;VIA DELLE CAVE;;;Tamponamento;Incrocio;Due carreggiate;Asciutto;Asfaltata;Verticale ed orizzontale;Sereno;Normale;Buona;Sufficiente;0;0;0;2;12.57954;41.84591;-1;2;Autovettura privata;In marcia / fermata / arresto;Conducente;F;Illeso;0;;Non accertato;Inesploso
1959847;13;18/11/2013 17:00;Strada Urbana;VIA DEI PESCATORI;in prossimità;;del civico n. ;133;;Tamponamento;Rettilineo;Una carreggiata a doppio senso;Asciutto;Asfaltata;Orizzontale;Nuvoloso;Normale;Sufficiente;Sufficiente;1;0;0;2;;;-1;1;Autovettura privata;In marcia / fermata / arresto;Conducente;M;Illeso;0;;Non accertato;Inesploso
1959847;13;18/11/2013 17:00;Strada Urbana;VIA DEI PESCATORI;in prossimità;;del civico n. ;133;;Tamponamento;Rettilineo;Una carreggiata a doppio senso;Asciutto;Asfaltata;Orizzontale;Nuvoloso;Normale;Sufficiente;Sufficiente;1;0;0;2;;;-1;1;Autovettura privata;In marcia / fermata / arresto;Passeggero;M;Illeso;0;;Non accertato;Inesistente
1959847;13;18/11/2013 17:00;Strada Urbana;VIA DEI PESCATORI;in prossimità;;del civico n. ;133;;Tamponamento;Rettilineo;Una carreggiata a doppio senso;Asciutto;Asfaltata;Orizzontale;Nuvoloso;Normale;Sufficiente;Sufficiente;1;0;0;2;;;-1;2;Motociclo a solo;In marcia / fermata / arresto;Conducente;F;Rimandato;0;NON DECEDUTO;Non accertato;Inesistente
1959848;17;16/11/2013;Strada Urbana;VIALE DELLO STADIO OLIMPICO;da specificare;;;;prossimità VIVAI MARI;Ribaltamento senza urto contro ostacolo fisso;Curva a visuale libera;Una carreggiata a senso unico di marcia;Bagnato (pioggia);Asfaltata;Verticale ed orizzontale;Pioggia in atto;Scarso;Sufficiente;Sufficiente;2;0;0;0;;;-1;1;Autovettura privata;In marcia / fermata / arresto;Conducente;M;Rimandato;0;NON DECEDUTO;Non accertato;Esploso
1959848;17;16/11/2013;Strada Urbana;VIALE DELLO STADIO OLIMPICO;da specificare;;;;prossimità VIVAI MARI;Ribaltamento senza urto contro ostacolo fisso;Curva a visuale libera;Una carreggiata a senso unico di marcia;Bagnato (pioggia);Asfaltata;Verticale ed orizzontale;Pioggia in atto;Scarso;Sufficiente;Sufficiente;2;0;0;0;;;-1;1;Autovettura privata;In marcia / fermata / arresto;Passeggero;F;Rimandato;0;NON DECEDUTO;Non accertato;Esploso
1959849;10;19/11/2013 02:45;Strada Urbana;VIA TUSCOLANA;all'intersezione semaforizzata con;VIA BIAGIO PETROCELLI;VIA BIAGIO PETROCELLI;;;Fuoriuscita dalla sede stradale;Intersezione semaforizzata;Due carreggiate;Bagnato (pioggia);Asfaltata;Verticale ed orizzontale;Pioggia in atto;Scarso;Buona;Sufficiente;0;0;0;1;;;-1;1;Autocarro inferiore 35 q.;In marcia / fermata / arresto;Conducente;;Illeso;0;;Non accertato;Inesistente
1959850;13;18/11/2013 07:00;Strada Urbana;VIA PINDARO;all'intersezione semaforizzata con;VIA SENOFANE;VIA SENOFANE;;;Scontro frontale/laterale SX fra veicoli in marcia;Incrocio;Una carreggiata a doppio senso;Asciutto;Asfaltata;Verticale ed orizzontale;Sereno;Intenso;Buona;Ore Diurne;0;0;0;2;;;-1;1;Autovettura privata;In marcia / fermata / arresto;Conducente;F;Illeso;0;;Non accertato;Inesploso
1959850;13;18/11/2013 07:00;Strada Urbana;VIA PINDARO;all'intersezione semaforizzata con;VIA SENOFANE;VIA SENOFANE;;;Scontro frontale/laterale SX fra veicoli in marcia;Incrocio;Una carreggiata a doppio senso;Asciutto;Asfaltata;Verticale ed orizzontale;Sereno;Intenso;Buona;Ore Diurne;0;0;0;2;;;-1;2;Autovettura privata;In marcia / fermata / arresto;Conducente;F;Illeso;0;;Non accertato;Inesploso
1959851;13;18/11/2013 11:00;Strada Urbana;VIA OSTIENSE;all'intersezione con;VIA DEL MARE;VIA DEL MARE;;;Tamponamento;Incrocio;Una carreggiata a senso unico di marcia;Asciutto;Asfaltata;Verticale ed orizzontale;Sereno;Normale;Buona;Ore Diurne;1;0;0;2;;;-1;1;Motociclo a solo;In marcia / fermata / arresto;Conducente;M;Rimandato;0;NON DECEDUTO;Non accertato;Inesistente
1959851;13;18/11/2013 11:00;Strada Urbana;VIA OSTIENSE;all'intersezione con;VIA DEL MARE;VIA DEL MARE;;;Tamponamento;Incrocio;Una carreggiata a senso unico di marcia;Asciutto;Asfaltata;Verticale ed orizzontale;Sereno;Normale;Buona;Ore Diurne;1;0;0;2;;;-1;2;Autovettura privata;In marcia / fermata / arresto;Conducente;F;Illeso;0;;Non accertato;Inesploso
1959851;13;18/11/2013 11:00;Strada Urbana;VIA OSTIENSE;all'intersezione con;VIA DEL MARE;VIA DEL MARE;;;Tamponamento;Incrocio;Una carreggiata a senso unico di marcia;Asciutto;Asfaltata;Verticale ed orizzontale;Sereno;Normale;Buona;Ore Diurne;1;0;0;2;;;-1;2;Autovettura privata;In marcia / fermata / arresto;Passeggero;M;Illeso;0;;Non accertato;Inesploso
1959852;9;18/11/2013 08:50;Strada Urbana;VIA APPIA NUOVA;in prossimità;;del civico n. ;803;;Tamponamento;Rettilineo;Due carreggiate;Asciutto;Asfaltata;Verticale ed orizzontale;Sereno;Normale;Buona;Ore Diurne;0;0;0;3;;;-1;1;Autovettura privata;In marcia / fermata / arresto;Conducente;M;Illeso;0;;Utilizzato;Inesploso
1959852;9;18/11/2013 08:50;Strada Urbana;VIA APPIA NUOVA;in prossimità;;del civico n. ;803;;Tamponamento;Rettilineo;Due carreggiate;Asciutto;Asfaltata;Verticale ed orizzontale;Sereno;Normale;Buona;Ore Diurne;0;0;0;3;;;-1;2;Autovettura privata;In marcia / fermata / arresto;Conducente;F;Illeso;0;;Utilizzato;Inesploso
1959852;9;18/11/2013 08:50;Strada Urbana;VIA APPIA NUOVA;in prossimità;;del civico n. ;803;;Tamponamento;Rettilineo;Due carreggiate;Asciutto;Asfaltata;Verticale ed orizzontale;Sereno;Normale;Buona;Ore Diurne;0;0;0;3;;;-1;3;Autovettura privata;In marcia / fermata / arresto;Conducente;M;Illeso;0;;Utilizzato;Inesploso
1959853;15;18/11/2013 18:15;Strada Urbana;VIA QUIRINO MAJORANA;all'intersezione semaforizzata con;VIA ODERISI DA GUBBIO;VIA ODERISI DA GUBBIO;;;Scontro laterale fra veicoli in marcia;Incrocio;Una carreggiata a doppio senso;Asciutto;Asfaltata;Verticale ed orizzontale;Sereno;Intenso;Sufficiente;Sufficiente;0;0;0;2;;;-1;1;Autocarro inferiore 35 q.;In marcia / fermata / arresto;Conducente;M;Illeso;0;;Utilizzato;Inesistente
1959853;15;18/11/2013 18:15;Strada Urbana;VIA QUIRINO MAJORANA;all'intersezione semaforizzata con;VIA ODERISI DA GUBBIO;VIA ODERISI DA GUBBIO;;;Scontro laterale fra veicoli in marcia;Incrocio;Una carreggiata a doppio senso;Asciutto;Asfaltata;Verticale ed orizzontale;Sereno;Intenso;Sufficiente;Sufficiente;0;0;0;2;;;-1;2;Autovettura privata;In marcia / fermata / arresto;Conducente;M;Illeso;0;;Utilizzato;Inesistente
1959854;15;18/11/2013 19:35;Comunale extraurbana;VIA DEL PONTE PISANO;da specificare;;;;prossimità svincolo Via Portuense dir. Fiumicino;Scontro frontale/laterale DX fra veicoli in marcia;Curva a visuale libera;Una carreggiata a doppio senso;Asciutto;Asfaltata;Orizzontale;Sereno;Normale;Sufficiente;Sufficiente;1;0;0;3;;;-1;1;Autovettura privata;In marcia / fermata / arresto;Passeggero;M;Illeso;0;;Utilizzato;Inesistente
1959854;15;18/11/2013 19:35;Comunale extraurbana;VIA DEL PONTE PISANO;da specificare;;;;prossimità svincolo Via Portuense dir. Fiumicino;Scontro frontale/laterale DX fra veicoli in marcia;Curva a visuale libera;Una carreggiata a doppio senso;Asciutto;Asfaltata;Orizzontale;Sereno;Normale;Sufficiente;Sufficiente;1;0;0;3;;;-1;1;Autovettura privata;In marcia / fermata / arresto;Conducente;F;Rimandato;0;NON DECEDUTO;Utilizzato;Inesistente
1959854;15;18/11/2013 19:35;Comunale extraurbana;VIA DEL PONTE PISANO;da specificare;;;;prossimità svincolo Via Portuense dir. Fiumicino;Scontro frontale/laterale DX fra veicoli in marcia;Curva a visuale libera;Una carreggiata a doppio senso;Asciutto;Asfaltata;Orizzontale;Sereno;Normale;Sufficiente;Sufficiente;1;0;0;3;;;-1;2;Autovettura privata;In marcia / fermata / arresto;Conducente;F;Illeso;0;;Utilizzato;Inesistente
1959854;15;18/11/2013 19:35;Comunale extraurbana;VIA DEL PONTE PISANO;da specificare;;;;prossimità svincolo Via Portuense dir. Fiumicino;Scontro frontale/laterale DX fra veicoli in marcia;Curva a visuale libera;Una carreggiata a doppio senso;Asciutto;Asfaltata;Orizzontale;Sereno;Normale;Sufficiente;Sufficiente;1;0;0;3;;;-1;3;Autovettura privata;In marcia / fermata / arresto;Conducente;M;Illeso;0;;Utilizzato;Inesistente
1959855;20;18/11/2013 18:45;Strada Urbana;VIALE DI TOR DI QUINTO;all'intersezione semaforizzata con;VIA PIETRO LUPI;VIA PIETRO LUPI;;;Scontro frontale fra veicoli in marcia;Intersezione semaforizzata;Una carreggiata a doppio senso;Asciutto;Asfaltata;Verticale ed orizzontale;Nuvoloso;Intenso;Buona;Sufficiente;0;0;0;2;;;-1;1;Autovettura privata;In marcia / fermata / arresto;Conducente;M;Illeso;0;;Non accertato;Inesistente
1959855;20;18/11/2013 18:45;Strada Urbana;VIALE DI TOR DI QUINTO;all'intersezione semaforizzata con;VIA PIETRO LUPI;VIA PIETRO LUPI;;;Scontro frontale fra veicoli in marcia;Intersezione semaforizzata;Una carreggiata a doppio senso;Asciutto;Asfaltata;Verticale ed orizzontale;Nuvoloso;Intenso;Buona;Sufficiente;0;0;0;2;;;-1;2;Motociclo a solo;In marcia / fermata / arresto;Conducente;M;Illeso;0;;Non accertato;Inesistente
1959856;20;19/11/2013 00:30;Strada Urbana;CORSO DI FRANCIA;all'intersezione semaforizzata con;VIA LUIGI BODIO;VIA LUIGI BODIO;;;Scontro frontale/laterale DX fra veicoli in marcia;Intersezione semaforizzata;Due carreggiate;Bagnato (pioggia);Asfaltata;Verticale ed orizzontale;Pioggia in atto;Scarso;Sufficiente;Sufficiente;0;0;0;3;;;-1;1;Autovettura privata;In marcia / fermata / arresto;Conducente;M;Illeso;0;;Non accertato;Inesistente
1959856;20;19/11/2013 00:30;Strada Urbana;CORSO DI FRANCIA;all'intersezione semaforizzata con;VIA LUIGI BODIO;VIA LUIGI BODIO;;;Scontro frontale/laterale DX fra veicoli in marcia;Intersezione semaforizzata;Due carreggiate;Bagnato (pioggia);Asfaltata;Verticale ed orizzontale;Pioggia in atto;Scarso;Sufficiente;Sufficiente;0;0;0;3;;;-1;1;Autovettura privata;In marcia / fermata / arresto;Passeggero;F;Illeso;0;;Non accertato;Inesistente
1959856;20;19/11/2013 00:30;Strada Urbana;CORSO DI FRANCIA;all'intersezione semaforizzata con;VIA LUIGI BODIO;VIA LUIGI BODIO;;;Scontro frontale/laterale DX fra veicoli in marcia;Intersezione semaforizzata;Due carreggiate;Bagnato (pioggia);Asfaltata;Verticale ed orizzontale;Pioggia in atto;Scarso;Sufficiente;Sufficiente;0;0;0;3;;;-1;2;Autovettura privata;In marcia / fermata / arresto;Conducente;M;Illeso;0;;Non accertato;Inesistente
1959857;20;18/11/2013 18:55;Strada Urbana;VIA CASSIA;da specificare;;;;prossimità Largo della Giustiniana;Scontro frontale/laterale SX fra veicoli in marcia;Rettilineo;Una carreggiata a doppio senso;Asciutto;Asfaltata;Orizzontale;Nuvoloso;Normale;Sufficiente;Sufficiente;1;0;0;1;12.40473;41.98598;-1;1;Autovettura privata;In marcia / fermata / arresto;Conducente;F;Illeso;0;;Non accertato;Inesistente
1959857;20;18/11/2013 18:55;Strada Urbana;VIA CASSIA;da specificare;;;;prossimità Largo della Giustiniana;Scontro frontale/laterale SX fra veicoli in marcia;Rettilineo;Una carreggiata a doppio senso;Asciutto;Asfaltata;Orizzontale;Nuvoloso;Normale;Sufficiente;Sufficiente;1;0;0;1;12.40473;41.98598;-1;2;Motociclo a solo;In marcia / fermata / arresto;Conducente;M;Rimandato;0;NON DECEDUTO;Non accertato;Inesistente
1959858;7;18/11/2013 11:15;Strada Urbana;VIA RENATO BIROLLI;in prossimità;;del civico n.;8;;Veicolo in marcia contro ostacolo accidentale;Rettilineo;Una carreggiata a doppio senso;Asciutto;Asfaltata;Assente;Sereno;Scarso;Buona;Ore Diurne;0;0;0;1;12.5987;41.90492;-1;1;Autovettura privata;In marcia / fermata / arresto;Conducente;M;Illeso;0;;Non accertato;Inesistente
1959859;9;13/11/2013 13:30;Strada Urbana;VIA FRASCATI;da specificare;;;;fronte via demetriade;Scontro laterale fra veicoli in marcia;Rettilineo;Una carreggiata a senso unico di marcia;Asciutto;Asfaltata;Verticale ed orizzontale;Nuvoloso;Normale;Buona;Ore Diurne;0;0;0;3;;;-1;1;Autovettura privata;In marcia / fermata / arresto;Conducente;M;Illeso;0;;Non accertato;Inesploso
1959859;9;13/11/2013 13:30;Strada Urbana;VIA FRASCATI;da specificare;;;;fronte via demetriade;Scontro laterale fra veicoli in marcia;Rettilineo;Una carreggiata a senso unico di marcia;Asciutto;Asfaltata;Verticale ed orizzontale;Nuvoloso;Normale;Buona;Ore Diurne;0;0;0;3;;;-1;1;Autovettura privata;In marcia / fermata / arresto;Passeggero;M;Illeso;0;;Non accertato;Inesploso
1959859;9;13/11/2013 13:30;Strada Urbana;VIA FRASCATI;da specificare;;;;fronte via demetriade;Scontro laterale fra veicoli in marcia;Rettilineo;Una carreggiata a senso unico di marcia;Asciutto;Asfaltata;Verticale ed orizzontale;Nuvoloso;Normale;Buona;Ore Diurne;0;0;0;3;;;-1;2;Motociclo a solo;In marcia / fermata / arresto;Conducente;M;Illeso;0;;Non accertato;Inesistente
1959860;19;18/11/2013 23:50;Strada Urbana;VIALE DELLE MEDAGLIE D'ORO;all'intersezione con;VIA DUCCIO GALIMBERTI;VIA DUCCIO GALIMBERTI;;;Scontro frontale/laterale DX fra veicoli in marcia;Incrocio;Una carreggiata a doppio senso;Bagnato (pioggia);Asfaltata;Verticale ed orizzontale;Pioggia in atto;Scarso;Buona;Sufficiente;1;0;0;2;;;-1;1;Autovettura privata;In marcia / fermata / arresto;Conducente;M;Illeso;0;;Non accertato;Inesistente
1959860;19;18/11/2013 23:50;Strada Urbana;VIALE DELLE MEDAGLIE D'ORO;all'intersezione con;VIA DUCCIO GALIMBERTI;VIA DUCCIO GALIMBERTI;;;Scontro frontale/laterale DX fra veicoli in marcia;Incrocio;Una carreggiata a doppio senso;Bagnato (pioggia);Asfaltata;Verticale ed orizzontale;Pioggia in atto;Scarso;Buona;Sufficiente;1;0;0;2;;;-1;1;Autovettura privata;In marcia / fermata / arresto;Passeggero;F;Illeso;0;;;Inesistente
1959860;19;18/11/2013 23:50;Strada Urbana;VIALE DELLE MEDAGLIE D'ORO;all'intersezione con;VIA DUCCIO GALIMBERTI;VIA DUCCIO GALIMBERTI;;;Scontro frontale/laterale DX fra veicoli in marcia;Incrocio;Una carreggiata a doppio senso;Bagnato (pioggia);Asfaltata;Verticale ed orizzontale;Pioggia in atto;Scarso;Buona;Sufficiente;1;0;0;2;;;-1;2;Motociclo a solo;In marcia / fermata / arresto;Conducente;M;Rimandato;0;NON DECEDUTO;Non accertato;Inesistente
1959861;7;18/11/2013 11:20;Strada Urbana;VIA PRENESTINA;all'intersezione con;VIA ARISTIDE STADERINI;VIA ARISTIDE STADERINI;;;Scontro frontale/laterale DX fra veicoli in marcia;Incrocio;Una carreggiata a doppio senso;Asciutto;Asfaltata;Orizzontale;Sereno;Normale;Buona;Ore Diurne;1;0;0;1;;;-1;1;Motociclo a solo;In marcia / fermata / arresto;Conducente;M;Rimandato;0;NON DECEDUTO;Non accertato;Inesistente
1959861;7;18/11/2013 11:20;Strada Urbana;VIA PRENESTINA;all'intersezione con;VIA ARISTIDE STADERINI;VIA ARISTIDE STADERINI;;;Scontro frontale/laterale DX fra veicoli in marcia;Incrocio;Una carreggiata a doppio senso;Asciutto;Asfaltata;Orizzontale;Sereno;Normale;Buona;Ore Diurne;1;0;0;1;;;-1;2;Autovettura privata;In marcia / fermata / arresto;Conducente;M;Illeso;0;;Non accertato;Inesploso