Protocollo;Gruppo;DataOraIncidente;Localizzazione1;STRADA1;Localizzazione2;STRADA2;Strada02;Chilometrica;DaSpecificare;NaturaIncidente;particolaritastrade;TipoStrada;FondoStradale;Pavimentazione;Segnaletica;CondizioneAtmosferica;Traffico;Visibilita;Illuminazione;NUM_FERITI;NUM_RISERVATA;NUM_MORTI;NUM_ILLESI;Longitudine;Latitudine;Confermato;Progressivo;TipoVeicolo;StatoVeicolo;TipoPersona;Sesso;Tipolesione;Deceduto;DecedutoDopo;CinturaCascoUtilizzato;Airbag
1960199;1;21/11/2013 14:00;Strada Urbana;VIA SISTINA;in prossimità;;del civico n. ;66/A;;Veicolo in marcia contro veicolo fermo;Rettilineo;Una carreggiata a senso unico di marcia;Asciutto;In cubetti di porfido;Verticale ed orizzontale;Sereno;Normale;Buona;Ore Diurne;0;0;0;2;;;-1;1;Autovettura privata;In marcia / fermata / arresto;Conducente;M;Illeso;0;;Non accertato;Inesistente
1960199;1;21/11/2013 14:00;Strada Urbana;VIA SISTINA;in prossimità;;del civico n. ;66/A;;Veicolo in marcia contro veicolo fermo;Rettilineo;Una carreggiata a senso unico di marcia;Asciutto;In cubetti di porfido;Verticale ed orizzontale;Sereno;Normale;Buona;Ore Diurne;0;0;0;2;;;-1;2;Autovettura pubblica;In marcia / fermata / arresto;Conducente;M;Illeso;0;;Non accertato;Inesistente
1960200;4;21/11/2013 13:00;Statale entro l'abitato;VIA SALARIA;da specificare;;;;altezza MCTC;Scontro frontale/laterale DX fra veicoli in marcia;Rettilineo;Più di due carreggiate;Bagnato (pioggia);Asfaltata;Orizzontale;Pioggia in atto;Normale;Buona;Ore Diurne;0;0;0;3;;;-1;1;Autovettura privata;In marcia / fermata / arresto;Conducente;M;Illeso;0;;Non accertato;Inesploso
1960200;4;21/11/2013 13:00;Statale entro l'abitato;VIA SALARIA;da specificare;;;;altezza MCTC;Scontro frontale/laterale DX fra veicoli in marcia;Rettilineo;Più di due carreggiate;Bagnato (pioggia);Asfaltata;Orizzontale;Pioggia in atto;Normale;Buona;Ore Diurne;0;0;0;3;;;-1;1;Autovettura privata;In marcia / fermata / arresto;Passeggero;M;Illeso;0;;Non accertato;Inesistente
1960200;4;21/11/2013 13:00;Statale entro l'abitato;VIA SALARIA;da specificare;;;;altezza MCTC;Scontro frontale/laterale DX fra veicoli in marcia;Rettilineo;Più di due carreggiate;Bagnato (pioggia);Asfaltata;Orizzontale;Pioggia in atto;Normale;Buona;Ore Diurne;0;0;0;3;;;-1;2;Autovettura privata;In marcia / fermata / arresto;Conducente;M;Illeso;0;;Non accertato;Inesistente
1960201;4;21/11/2013 03:30;Strada Urbana;VIA JACOPONE DA TODI;all'intersezione con;VIA FRANCESCO D'OVIDIO;VIA FRANCESCO D'OVIDIO;;;Veicolo in marcia contro veicolo in sosta;Intersezione stradale segnalata;Una carreggiata a senso unico di marcia;Bagnato (pioggia);Asfaltata;Verticale ed orizzontale;Pioggia in atto;Scarso;Sufficiente;Sufficiente;0;0;0;1;;;-1;6;Autovettura privata;In marcia / fermata / arresto;Conducente;;Illeso;0;;Non accertato;Inesploso
1960202;1;21/11/2013 22:30;Strada Urbana;VIA EMANUELE FILIBERTO;da specificare;;;;FRONTE CIVICO 178;Veicolo in marcia contro veicolo arresto;Rettilineo;Una carreggiata a doppio senso;Bagnato (pioggia);Asfaltata;Verticale ed orizzontale;Pioggia in atto;Scarso;Sufficiente;Sufficiente;1;0;0;4;;;-1;1;Motociclo a solo;In marcia / fermata / arresto;Conducente;M;Rimandato;0;NON DECEDUTO;Non accertato;Inesistente
1960202;1;21/11/2013 22:30;Strada Urbana;VIA EMANUELE FILIBERTO;da specificare;;;;FRONTE CIVICO 178;Veicolo in marcia contro veicolo arresto;Rettilineo;Una carreggiata a doppio senso;Bagnato (pioggia);Asfaltata;Verticale ed orizzontale;Pioggia in atto;Scarso;Sufficiente;Sufficiente;1;0;0;4;;;-1;2;Autovettura privata;In marcia / fermata / arresto;Conducente;M;Illeso;0;;Non accertato;Inesistente
1960202;1;21/11/2013 22:30;Strada Urbana;VIA EMANUELE FILIBERTO;da specificare;;;;FRONTE CIVICO 178;Veicolo in marcia contro veicolo arresto;Rettilineo;Una carreggiata a doppio senso;Bagnato (pioggia);Asfaltata;Verticale ed orizzontale;Pioggia in atto;Scarso;Sufficiente;Sufficiente;1;0;0;4;;;-1;2;Autovettura privata;In marcia / fermata / arresto;Passeggero;M;Illeso;0;;Non accertato;Inesistente
1960203;20;21/11/2013 06:50;Regionale;VIA CASSIA;all'intersezione con;VIA DELLA STORTA;VIA DELLA STORTA;;;Scontro frontale fra veicoli in marcia;Intersezione stradale segnalata;Una carreggiata a doppio senso;Bagnato (pioggia);Asfaltata;Verticale ed orizzontale;Pioggia in atto;Scarso;Sufficiente;Sufficiente;1;0;0;1;12.37945;42.00243;-1;1;Autocarro inferiore 35 q.;In marcia / fermata / arresto;Conducente;F;Illeso;0;;Non accertato;Inesploso
1960203;20;21/11/2013 06:50;Regionale;VIA CASSIA;all'intersezione con;VIA DELLA STORTA;VIA DELLA STORTA;;;Scontro frontale fra veicoli in marcia;Intersezione stradale segnalata;Una carreggiata a doppio senso;Bagnato (pioggia);Asfaltata;Verticale ed orizzontale;Pioggia in atto;Scarso;Sufficiente;Sufficiente;1;0;0;1;12.37945;42.00243;-1;2;Motociclo a solo;In marcia / fermata / arresto;Conducente;M;Rimandato;0;NON DECEDUTO;Non accertato;Inesistente
1960204;20;21/11/2013 09:10;Strada Urbana;VIA DEI DUE PONTI;in corrispondenza;;del civico n.;48A;;Scontro frontale fra veicoli in marcia;Rettilineo;Una carreggiata a doppio senso;Bagnato (pioggia);Asfaltata;Orizzontale;Pioggia in atto;Normale;Buona;Ore Diurne;1;0;0;1;12.48045;41.95699;-1;1;Autovettura privata;In marcia / fermata / arresto;Conducente;F;Illeso;0;;Non accertato;Esploso
1960204;20;21/11/2013 09:10;Strada Urbana;VIA DEI DUE PONTI;in corrispondenza;;del civico n.;48A;;Scontro frontale fra veicoli in marcia;Rettilineo;Una carreggiata a doppio senso;Bagnato (pioggia);Asfaltata;Orizzontale;Pioggia in atto;Normale;Buona;Ore Diurne;1;0;0;1;12.48045;41.95699;-1;2;Motociclo a solo;In marcia / fermata / arresto;Conducente;M;Ricoverato;0;NON DECEDUTO;Utilizzato;Inesistente
1960205;1;21/11/2013 19:15;Strada Urbana;VIA FILIPPO TURATI;all'intersezione con;VIA MAMIANI;VIA MAMIANI;;;Investimento di pedone;Intersezione stradale segnalata;Una carreggiata a senso unico di marcia;Asciutto;Asfaltata;Verticale ed orizzontale;Nuvoloso;Scarso;Sufficiente;Sufficiente;2;0;0;1;12.50408;41.89745;-1;;;;Pedone;M;Rimandato;0;NON DECEDUTO;;
1960205;1;21/11/2013 19:15;Strada Urbana;VIA FILIPPO TURATI;all'intersezione con;VIA MAMIANI;VIA MAMIANI;;;Investimento di pedone;Intersezione stradale segnalata;Una carreggiata a senso unico di marcia;Asciutto;Asfaltata;Verticale ed orizzontale;Nuvoloso;Scarso;Sufficiente;Sufficiente;2;0;0;1;12.50408;41.89745;-1;;;;Pedone;F;Rimandato;0;NON DECEDUTO;;
1960205;1;21/11/2013 19:15;Strada Urbana;VIA FILIPPO TURATI;all'intersezione con;VIA MAMIANI;VIA MAMIANI;;;Investimento di pedone;Intersezione stradale segnalata;Una carreggiata a senso unico di marcia;Asciutto;Asfaltata;Verticale ed orizzontale;Nuvoloso;Scarso;Sufficiente;Sufficiente;2;0;0;1;12.50408;41.89745;-1;1;Autovettura privata;In marcia / fermata / arresto;Conducente;M;Illeso;0;;Non accertato;
1960206;7;21/11/2013 13:00;Strada Urbana;VIA RAFFAELE COSTI;in prossimità;;del palo luce n. ;42;;Veicolo in marcia contro ostacolo fisso;Rettilineo;Una carreggiata a doppio senso;Bagnato (pioggia);Asfaltata;Orizzontale;Pioggia in atto;Scarso;Sufficiente;Ore Diurne;0;0;0;2;;;-1;1;Autovettura di polizia;In marcia / fermata / arresto;Conducente;M;Illeso;0;;Non accertato;Inesistente
1960206;7;21/11/2013 13:00;Strada Urbana;VIA RAFFAELE COSTI;in prossimità;;del palo luce n. ;42;;Veicolo in marcia contro ostacolo fisso;Rettilineo;Una carreggiata a doppio senso;Bagnato (pioggia);Asfaltata;Orizzontale;Pioggia in atto;Scarso;Sufficiente;Ore Diurne;0;0;0;2;;;-1;1;Autovettura di polizia;In marcia / fermata / arresto;Passeggero;M;Illeso;0;;Non accertato;Inesistente
1960207;2;22/11/2013 04:15;Strada Urbana;VIA DEL FORO ITALICO;in prossimità;;del civico n.;90;;Tamponamento;Rettilineo;Una carreggiata a senso unico di marcia;Bagnato (pioggia);Asfaltata;Verticale ed orizzontale;Pioggia in atto;Scarso;Sufficiente;Sufficiente;3;0;0;0;;;-1;1;Autovettura privata;In marcia / fermata / arresto;Conducente;M;Rimandato;0;NON DECEDUTO;Non accertato;Inesistente
1960207;2;22/11/2013 04:15;Strada Urbana;VIA DEL FORO ITALICO;in prossimità;;del civico n.;90;;Tamponamento;Rettilineo;Una carreggiata a senso unico di marcia;Bagnato (pioggia);Asfaltata;Verticale ed orizzontale;Pioggia in atto;Scarso;Sufficiente;Sufficiente;3;0;0;0;;;-1;2;Autocarro inferiore 35 q.;In marcia / fermata / arresto;Conducente;M;Rimandato;0;NON DECEDUTO;Non accertato;Inesistente
1960207;2;22/11/2013 04:15;Strada Urbana;VIA DEL FORO ITALICO;in prossimità;;del civico n.;90;;Tamponamento;Rettilineo;Una carreggiata a senso unico di marcia;Bagnato (pioggia);Asfaltata;Verticale ed orizzontale;Pioggia in atto;Scarso;Sufficiente;Sufficiente;3;0;0;0;;;-1;2;Autocarro inferiore 35 q.;In marcia / fermata / arresto;Passeggero;M;Rimandato;0;NON DECEDUTO;Non accertato;Inesistente
1960208;2;21/11/2013 11:20;Strada Urbana;VIA RUGGERO FAURO;in prossimità;;del civico n. ;fronte 63;;Veicolo in marcia contro veicoli in sosta;Rettilineo;Una carreggiata a senso unico di marcia;Bagnato (pioggia);Asfaltata;Verticale ed orizzontale;Pioggia in atto;Scarso;Buona;Ore Diurne;0;0;0;1;;;-1;5;Autocarro inferiore 35 q.;In marcia / fermata / arresto;Conducente;M;Illeso;0;;Non accertato;Inesistente
1960209;4;21/11/2013 14:20;Statale;VIA SALARIA;da specificare;;;;100 mt. prima di Castel Giubileo;Tamponamento Multiplo;Rettilineo;Due carreggiate;Asciutto;Asfaltata;Verticale ed orizzontale;Nuvoloso;Normale;Buona;Ore Diurne;0;0;0;3;;;-1;1;Autovettura privata;In marcia / fermata / arresto;Conducente;M;Illeso;0;;Non accertato;
1960209;4;21/11/2013 14:20;Statale;VIA SALARIA;da specificare;;;;100 mt. prima di Castel Giubileo;Tamponamento Multiplo;Rettilineo;Due carreggiate;Asciutto;Asfaltata;Verticale ed orizzontale;Nuvoloso;Normale;Buona;Ore Diurne;0;0;0;3;;;-1;2;Autovettura privata;In marcia / fermata / arresto;Conducente;M;Illeso;0;;Non accertato;Inesistente
1960209;4;21/11/2013 14:20;Statale;VIA SALARIA;da specificare;;;;100 mt. prima di Castel Giubileo;Tamponamento Multiplo;Rettilineo;Due carreggiate;Asciutto;Asfaltata;Verticale ed orizzontale;Nuvoloso;Normale;Buona;Ore Diurne;0;0;0;3;;;-1;3;Autocarro inferiore 35 q.;In marcia / fermata / arresto;Conducente;M;Illeso;0;;Non accertato;
1960210;2;22/11/2013 05:10;Strada Urbana;VIALE DEL MURO TORTO;da specificare;;;;altezza via del Galoppatoio direz. P.le Flaminio.;Veicolo in marcia contro ostacolo fisso;Rettilineo;Due carreggiate;Bagnato (pioggia);Asfaltata;Verticale ed orizzontale;Pioggia in atto;Intenso;Buona;Ore Diurne;0;0;0;1;;;-1;1;Autovettura privata;In marcia / fermata / arresto;Conducente;F;Illeso;0;;Non accertato;Inesploso
1960211;6;21/11/2013 13:50;Strada Urbana;VIALE DELLA SERENISSIMA;in corrispondenza;;del civico n. ;29;;Investimento di pedone;Rettilineo;Due carreggiate;Bagnato (pioggia);Asfaltata;Verticale ed orizzontale;Pioggia in atto;Normale;Buona;Ore Diurne;1;0;0;1;12.5586915;41.8956553;-1;;;;Pedone;F;Rimandato;0;NON DECEDUTO;;
1960211;6;21/11/2013 13:50;Strada Urbana;VIALE DELLA SERENISSIMA;in corrispondenza;;del civico n. ;29;;Investimento di pedone;Rettilineo;Due carreggiate;Bagnato (pioggia);Asfaltata;Verticale ed orizzontale;Pioggia in atto;Normale;Buona;Ore Diurne;1;0;0;1;12.5586915;41.8956553;-1;1;Motociclo a solo;In marcia / fermata / arresto;Conducente;M;Illeso;0;;Non accertato;Inesistente
1960212;6;21/11/2013 15:05;Strada Urbana;VIA AMEDEO CENCELLI;in corrispondenza;;del civico n. ;97;;Veicolo in marcia contro veicolo in sosta;Rettilineo;Una carreggiata a senso unico di marcia;Bagnato (pioggia);Asfaltata;Assente;Pioggia in atto;Scarso;Buona;Ore Diurne;0;0;0;1;12.5426903;41.8763002;-1;1;Autovettura privata;In marcia / fermata / arresto;Conducente;M;Illeso;0;;Non accertato;Inesistente
1960213;6;21/11/2013 16:30;Strada Urbana;VIA ERASMO GATTAMELATA;all'intersezione con;VIA LUCHINO DAL VERME;VIA LUCHINO DAL VERME;;;Scontro frontale/laterale DX fra veicoli in marcia;Incrocio;Una carreggiata a senso unico di marcia;Bagnato (pioggia);Asfaltata;Verticale ed orizzontale;Pioggia in atto;Normale;Buona;Ore Diurne;0;0;0;3;;;-1;1;Autovettura privata;In marcia / fermata / arresto;Conducente;F;Illeso;0;;Non accertato;Inesploso
1960213;6;21/11/2013 16:30;Strada Urbana;VIA ERASMO GATTAMELATA;all'intersezione con;VIA LUCHINO DAL VERME;VIA LUCHINO DAL VERME;;;Scontro frontale/laterale DX fra veicoli in marcia;Incrocio;Una carreggiata a senso unico di marcia;Bagnato (pioggia);Asfaltata;Verticale ed orizzontale;Pioggia in atto;Normale;Buona;Ore Diurne;0;0;0;3;;;-1;1;Autovettura privata;In marcia / fermata / arresto;Passeggero;F;Illeso;0;;Non accertato;Inesistente
1960213;6;21/11/2013 16:30;Strada Urbana;VIA ERASMO GATTAMELATA;all'intersezione con;VIA LUCHINO DAL VERME;VIA LUCHINO DAL VERME;;;Scontro frontale/laterale DX fra veicoli in marcia;Incrocio;Una carreggiata a senso unico di marcia;Bagnato (pioggia);Asfaltata;Verticale ed orizzontale;Pioggia in atto;Normale;Buona;Ore Diurne;0;0;0;3;;;-1;2;Autovettura privata;In marcia / fermata / arresto;Conducente;M;Illeso;0;;Non accertato;Inesploso
1960214;6;21/11/2013 18:30;Strada Urbana;VIA PRENESTINA;in prossimità;;del civico n. ;386;;Infortunio per caduta del veicolo;Rettilineo;Più di due carreggiate;Bagnato (pioggia);Asfaltata;Orizzontale;Pioggia in atto;Intenso;Sufficiente;Sufficiente;0;0;0;3;12.5614947;41.8947606;-1;1;Autovettura privata;In marcia / fermata / arresto;Conducente;M;Illeso;0;;Non accertato;Inesploso
1960214;6;21/11/2013 18:30;Strada Urbana;VIA PRENESTINA;in prossimità;;del civico n. ;386;;Infortunio per caduta del veicolo;Rettilineo;Più di due carreggiate;Bagnato (pioggia);Asfaltata;Orizzontale;Pioggia in atto;Intenso;Sufficiente;Sufficiente;0;0;0;3;12.5614947;41.8947606;-1;1;Autovettura privata;In marcia / fermata / arresto;Passeggero;M;Illeso;0;;Non accertato;Inesploso
1960214;6;21/11/2013 18:30;Strada Urbana;VIA PRENESTINA;in prossimità;;del civico n. ;386;;Infortunio per caduta del veicolo;Rettilineo;Più di due carreggiate;Bagnato (pioggia);Asfaltata;Orizzontale;Pioggia in atto;Intenso;Sufficiente;Sufficiente;0;0;0;3;12.5614947;41.8947606;-1;2;Autovettura privata;In marcia / fermata / arresto;Conducente;M;Illeso;0;;Non accertato;Inesploso
1960215;2;21/11/2013 10:45;Strada Urbana;VIALE REGINA MARGHERITA;in prossimità;;del civico n. ;111;;Veicolo in marcia contro veicolo in sosta;Rettilineo;Una carreggiata a doppio senso;Bagnato (umidità in atto);Asfaltata;Verticale ed orizzontale;Nuvoloso;Normale;Buona;Ore Diurne;0;0;0;1;12.5016582;41.9170641;-1;1;Autocarro inferiore 35 q.;In marcia / fermata / arresto;Conducente;M;Illeso;0;;Non accertato;Inesploso
1960216;12;21/11/2013 15:20;Strada Urbana;VIA MINERBIO;all'intersezione con;VIA CASTIGLION DE' PEPOLI;VIA CASTIGLION DE' PEPOLI;;;Scontro frontale/laterale SX fra veicoli in marcia;Incrocio;Una carreggiata a doppio senso;Bagnato (umidità in atto);Asfaltata;Verticale ed orizzontale;Nuvoloso;Scarso;Buona;Ore Diurne;0;0;0;2;;;-1;1;Autovettura privata;In marcia / fermata / arresto;Conducente;M;Illeso;0;;Non accertato;Inesistente
1960216;12;21/11/2013 15:20;Strada Urbana;VIA MINERBIO;all'intersezione con;VIA CASTIGLION DE' PEPOLI;VIA CASTIGLION DE' PEPOLI;;;Scontro frontale/laterale SX fra veicoli in marcia;Incrocio;Una carreggiata a doppio senso;Bagnato (umidità in atto);Asfaltata;Verticale ed orizzontale;Nuvoloso;Scarso;Buona;Ore Diurne;0;0;0;2;;;-1;2;Autovettura privata;In marcia / fermata / arresto;Conducente;M;Illeso;0;;Utilizzato;Inesistente
1960217;2;21/11/2013 20:50;Strada Urbana;VIALE PARIOLI;all'intersezione con;VIA CARLO STUPARICH;VIA CARLO STUPARICH;;;Scontro frontale/laterale DX fra veicoli in marcia;Intersezione stradale segnalata;Una carreggiata a doppio senso;Bagnato (umidità in atto);Asfaltata;Verticale ed orizzontale;Nuvoloso;Normale;Buona;Sufficiente;1;0;0;1;;;-1;1;Ciclomotore;In marcia / fermata / arresto;Conducente;F;Rimandato;0;NON DECEDUTO;;Inesistente
1960217;2;21/11/2013 20:50;Strada Urbana;VIALE PARIOLI;all'intersezione con;VIA CARLO STUPARICH;VIA CARLO STUPARICH;;;Scontro frontale/laterale DX fra veicoli in marcia;Intersezione stradale segnalata;Una carreggiata a doppio senso;Bagnato (umidità in atto);Asfaltata;Verticale ed orizzontale;Nuvoloso;Normale;Buona;Sufficiente;1;0;0;1;;;-1;2;Autovettura privata;In marcia / fermata / arresto;Conducente;F;Illeso;0;;;Inesistente
1960218;2;21/11/2013 09:55;Strada Urbana;CORSO D'ITALIA;in prossimità;;del civico n. ;1;;Ribaltamento senza urto contro ostacolo fisso;Rettilineo;Una carreggiata a senso unico di marcia;Viscido da liquidi oleosi;Asfaltata;Assente;Sereno;Normale;Buona;Ore Diurne;1;0;0;0;12.4895292;41.9099204;-1;1;Motociclo a solo;In marcia / fermata / arresto;Conducente;M;Ricoverato;0;NON DECEDUTO;Non accertato;Inesistente
1960219;1;22/11/2013 08:55;Strada Urbana;VIA FRANCESCO CRISPI;in prossimità;;del civico n.;61;;Infortunio per caduta del veicolo;Rettilineo;Una carreggiata a senso unico di marcia;Bagnato (pioggia);In cubetti di porfido;Verticale ed orizzontale;Nuvoloso;Normale;Buona;Ore Diurne;0;0;0;1;12.48534;41.90405;-1;1;Motociclo a solo;In marcia / fermata / arresto;Conducente;F;Illeso;0;;Non accertato;
1960220;4;21/11/2013 12:20;Strada Urbana;VIA DELL'ATENEO SALESIANO;in prossimità;;del civico n. ;131;;Scontro frontale/laterale SX fra veicoli in marcia;Curva senza visuale libera;Una carreggiata a doppio senso;Asciutto;Asfaltata;Verticale;Nuvoloso;Scarso;Buona;Ore Diurne;0;0;0;4;12.5269902;41.9588957;-1;1;Autovettura privata;In marcia / fermata / arresto;Conducente;M;Illeso;0;;Non accertato;Inesistente
1960220;4;21/11/2013 12:20;Strada Urbana;VIA DELL'ATENEO SALESIANO;in prossimità;;del civico n. ;131;;Scontro frontale/laterale SX fra veicoli in marcia;Curva senza visuale libera;Una carreggiata a doppio senso;Asciutto;Asfaltata;Verticale;Nuvoloso;Scarso;Buona;Ore Diurne;0;0;0;4;12.5269902;41.9588957;-1;2;Autocarro inferiore 35 q.;In marcia / fermata / arresto;Conducente;M;Illeso;0;;Non accertato;Inesistente
1960220;4;21/11/2013 12:20;Strada Urbana;VIA DELL'ATENEO SALESIANO;in prossimità;;del civico n. ;131;;Scontro frontale/laterale SX fra veicoli in marcia;Curva senza visuale libera;Una carreggiata a doppio senso;Asciutto;Asfaltata;Verticale;Nuvoloso;Scarso;Buona;Ore Diurne;0;0;0;4;12.5269902;41.9588957;-1;2;Autocarro inferiore 35 q.;In marcia / fermata / arresto;Passeggero;M;Illeso;0;;Non accertato;Inesistente
1960220;4;21/11/2013 12:20;Strada Urbana;VIA DELL'ATENEO SALESIANO;in prossimità;;del civico n. ;131;;Scontro frontale/laterale SX fra veicoli in marcia;Curva senza visuale libera;Una carreggiata a doppio senso;Asciutto;Asfaltata;Verticale;Nuvoloso;Scarso;Buona;Ore Diurne;0;0;0;4;12.5269902;41.9588957;-1;2;Autocarro inferiore 35 q.;In marcia / fermata / arresto;Passeggero;M;Illeso;0;;Non accertato;Inesistente
1960221;4;21/11/2013 10:35;Strada Urbana;VIA EMILIO DE MARCHI;all'intersezione con;VIA GIUSEPPE CESARE ABBA;VIA GIUSEPPE CESARE ABBA;;;Scontro frontale/laterale SX fra veicoli in marcia;Incrocio;Una carreggiata a doppio senso;Bagnato (umidità in atto);Asfaltata;Verticale ed orizzontale;Nuvoloso;Scarso;Buona;Ore Diurne;0;0;0;3;;;-1;1;Autovettura privata;In marcia / fermata / arresto;Conducente;F;Illeso;0;;Non accertato;Inesistente
1960221;4;21/11/2013 10:35;Strada Urbana;VIA EMILIO DE MARCHI;all'intersezione con;VIA GIUSEPPE CESARE ABBA;VIA GIUSEPPE CESARE ABBA;;;Scontro frontale/laterale SX fra veicoli in marcia;Incrocio;Una carreggiata a doppio senso;Bagnato (umidità in atto);Asfaltata;Verticale ed orizzontale;Nuvoloso;Scarso;Buona;Ore Diurne;0;0;0;3;;;-1;2;Autovettura privata;In marcia / fermata / arresto;Conducente;F;Illeso;0;;Non accertato;Inesistente
1960221;4;21/11/2013 10:35;Strada Urbana;VIA EMILIO DE MARCHI;all'intersezione con;VIA GIUSEPPE CESARE ABBA;VIA GIUSEPPE CESARE ABBA;;;Scontro frontale/laterale SX fra veicoli in marcia;Incrocio;Una carreggiata a doppio senso;Bagnato (umidità in atto);Asfaltata;Verticale ed orizzontale;Nuvoloso;Scarso;Buona;Ore Diurne;0;0;0;3;;;-1;2;Autovettura privata;In marcia / fermata / arresto;Passeggero;M;Illeso;0;;Non accertato;Inesistente
1960222;4;21/11/2013 22:40;Strada Urbana;VIA ETTORE ROMAGNOLI;in prossimità;;del civico n. ;31;;Veicolo in marcia contro veicoli in sosta;Rettilineo;Due carreggiate;Bagnato (pioggia);Asfaltata;Verticale ed orizzontale;Pioggia in atto;Normale;Sufficiente;Sufficiente;0;0;0;1;12.5466459;41.9410346;-1;1;Autovettura privata;In marcia / fermata / arresto;Conducente;M;Illeso;0;;Non accertato;Inesistente
1960223;2;21/11/2013 14:20;Strada Urbana;PIAZZALE DI VILLA GIULIA;in corrispondenza;;del civico n. ;9;;Scontro frontale/laterale SX fra veicoli in marcia;Curva a visuale libera;Una carreggiata a doppio senso;Bagnato (pioggia);Asfaltata;Orizzontale;Nuvoloso;Scarso;Buona;Ore Diurne;0;0;0;3;12.4748061;41.9183175;-1;1;Autovettura privata;In marcia / fermata / arresto;Conducente;M;Illeso;0;;Non accertato;Inesploso
1960223;2;21/11/2013 14:20;Strada Urbana;PIAZZALE DI VILLA GIULIA;in corrispondenza;;del civico n. ;9;;Scontro frontale/laterale SX fra veicoli in marcia;Curva a visuale libera;Una carreggiata a doppio senso;Bagnato (pioggia);Asfaltata;Orizzontale;Nuvoloso;Scarso;Buona;Ore Diurne;0;0;0;3;12.4748061;41.9183175;-1;1;Autovettura privata;In marcia / fermata / arresto;Passeggero;F;Illeso;0;;Non accertato;Inesploso
1960223;2;21/11/2013 14:20;Strada Urbana;PIAZZALE DI VILLA GIULIA;in corrispondenza;;del civico n. ;9;;Scontro frontale/laterale SX fra veicoli in marcia;Curva a visuale libera;Una carreggiata a doppio senso;Bagnato (pioggia);Asfaltata;Orizzontale;Nuvoloso;Scarso;Buona;Ore Diurne;0;0;0;3;12.4748061;41.9183175;-1;2;Autovettura privata;In marcia / fermata / arresto;Conducente;F;Illeso;0;;Non accertato;Inesistente
1960224;4;21/11/2013 18:45;Strada Urbana;VIA CASALE MARITTIMO;in prossimità;;del civico n. ;2;;Veicolo in marcia contro veicolo in sosta;Rettilineo;Una carreggiata a senso unico di marcia;Bagnato (pioggia);Asfaltata;Verticale;Pioggia in atto;Normale;Buona;Sufficiente;0;0;0;1;12.5130653;41.972515;-1;1;Autovettura privata;In marcia / fermata / arresto;Conducente;M;Illeso;0;;Non accertato;Inesistente
1960225;2;21/11/2013 12:10;Strada Urbana;VIALE LIEGI;da specificare;;;;in prossimità di VIA LUTEZIA;Scontro frontale/laterale SX fra veicoli in marcia;Rettilineo;Una carreggiata a doppio senso;Asciutto;Asfaltata;Verticale ed orizzontale;Nuvoloso;Normale;Buona;Ore Diurne;1;0;0;2;;;-1;1;Autovettura privata;In marcia / fermata / arresto;Passeggero;M;Illeso;0;;Non accertato;Inesistente
1960225;2;21/11/2013 12:10;Strada Urbana;VIALE LIEGI;da specificare;;;;in prossimità di VIA LUTEZIA;Scontro frontale/laterale SX fra veicoli in marcia;Rettilineo;Una carreggiata a doppio senso;Asciutto;Asfaltata;Verticale ed orizzontale;Nuvoloso;Normale;Buona;Ore Diurne;1;0;0;2;;;-1;1;Autovettura privata;In marcia / fermata / arresto;Conducente;F;Illeso;0;;Non accertato;Inesistente
1960225;2;21/11/2013 12:10;Strada Urbana;VIALE LIEGI;da specificare;;;;in prossimità di VIA LUTEZIA;Scontro frontale/laterale SX fra veicoli in marcia;Rettilineo;Una carreggiata a doppio senso;Asciutto;Asfaltata;Verticale ed orizzontale;Nuvoloso;Normale;Buona;Ore Diurne;1;0;0;2;;;-1;2;Motociclo a solo;In marcia / fermata / arresto;Conducente;M;Rimandato;0;NON DECEDUTO;Non accertato;Inesistente
1960226;4;21/11/2013 15:00;Statale entro l'abitato;VIA SALARIA;da specificare;;;;prossimità uscita Settebagni direzione centro;Tamponamento;Rettilineo;Due carreggiate;Bagnato (umidità in atto);Asfaltata;Verticale ed orizzontale;Nuvoloso;Normale;Sufficiente;Ore Diurne;0;0;0;2;;;-1;1;Autovettura privata;In marcia / fermata / arresto;Conducente;M;Illeso;0;;Non accertato;Inesploso
1960226;4;21/11/2013 15:00;Statale entro l'abitato;VIA SALARIA;da specificare;;;;prossimità uscita Settebagni direzione centro;Tamponamento;Rettilineo;Due carreggiate;Bagnato (umidità in atto);Asfaltata;Verticale ed orizzontale;Nuvoloso;Normale;Sufficiente;Ore Diurne;0;0;0;2;;;-1;2;Autovettura privata;In marcia / fermata / arresto;Conducente;M;Illeso;0;;Non accertato;Inesistente
1960227;4;22/11/2013 05:00;Statale entro l'abitato;VIA SALARIA;in prossimità;;della chilometrica ;10;;Tamponamento;Rettilineo;Due carreggiate;Bagnato (pioggia);Asfaltata;Orizzontale;Nuvoloso;Normale;Sufficiente;Sufficiente;0;0;0;2;;;-1;1;Autovettura privata;In marcia / fermata / arresto;Conducente;F;Illeso;0;;Non accertato;Inesploso