Protocollo;Gruppo;DataOraIncidente;Localizzazione1;STRADA1;Localizzazione2;STRADA2;Strada02;Chilometrica;DaSpecificare;NaturaIncidente;particolaritastrade;TipoStrada;FondoStradale;Pavimentazione;Segnaletica;CondizioneAtmosferica;Traffico;Visibilita;Illuminazione;NUM_FERITI;NUM_RISERVATA;NUM_MORTI;NUM_ILLESI;Longitudine;Latitudine;Confermato;Progressivo;TipoVeicolo;StatoVeicolo;TipoPersona;Sesso;Tipolesione;Deceduto;DecedutoDopo;CinturaCascoUtilizzato;Airbag
1960309;8;23/11/2013 12:45;Strada Urbana;VIA DI TOR VERGATA;all'intersezione con;VIA DELLA TENUTA DI TORRENOVA;VIA DELLA TENUTA DI TORRENOVA;;;Veicolo in marcia contro veicoli in arresto;Intersezione non regolata/non segnalata;Una carreggiata a doppio senso;Bagnato (pioggia);Asfaltata;Orizzontale;Pioggia in atto;Normale;Buona;Ore Diurne;0;0;0;3;;;-1;1;Autovettura privata;In marcia / fermata / arresto;Conducente;M;Illeso;0;;Non accertato;Inesploso
1960309;8;23/11/2013 12:45;Strada Urbana;VIA DI TOR VERGATA;all'intersezione con;VIA DELLA TENUTA DI TORRENOVA;VIA DELLA TENUTA DI TORRENOVA;;;Veicolo in marcia contro veicoli in arresto;Intersezione non regolata/non segnalata;Una carreggiata a doppio senso;Bagnato (pioggia);Asfaltata;Orizzontale;Pioggia in atto;Normale;Buona;Ore Diurne;0;0;0;3;;;-1;1;Autovettura privata;In marcia / fermata / arresto;Passeggero;M;Illeso;0;;Non accertato;Inesploso
1960309;8;23/11/2013 12:45;Strada Urbana;VIA DI TOR VERGATA;all'intersezione con;VIA DELLA TENUTA DI TORRENOVA;VIA DELLA TENUTA DI TORRENOVA;;;Veicolo in marcia contro veicoli in arresto;Intersezione non regolata/non segnalata;Una carreggiata a doppio senso;Bagnato (pioggia);Asfaltata;Orizzontale;Pioggia in atto;Normale;Buona;Ore Diurne;0;0;0;3;;;-1;2;Autovettura privata;In marcia / fermata / arresto;Conducente;F;Illeso;0;;Non accertato;Inesploso
1960310;8;23/11/2013 18:00;Strada Urbana;VIA AMICO ASPERTINI;in prossimità;;del civico n. ;110;;Veicolo in marcia contro ostacolo accidentale;Rettilineo;Una carreggiata a doppio senso;Bagnato (pioggia);Asfaltata;Orizzontale;Pioggia in atto;Scarso;Sufficiente;Sufficiente;0;0;0;1;12.6271724;41.875776;-1;1;Autovettura privata;In marcia / fermata / arresto;Conducente;F;Illeso;0;;Non accertato;Inesploso
1960311;8;23/11/2013 18:00;Strada Urbana;VIA AMICO ASPERTINI;in prossimità;;del civico n. ;110;;Veicolo in marcia contro ostacolo accidentale;Rettilineo;Una carreggiata a doppio senso;Bagnato (pioggia);Asfaltata;Orizzontale;Pioggia in atto;Scarso;Sufficiente;Sufficiente;0;0;0;1;12.6271724;41.875776;-1;1;Autovettura privata;In marcia / fermata / arresto;Conducente;F;Illeso;0;;Non accertato;Inesploso
1960312;8;23/11/2013 18:00;Strada Urbana;VIA AMICO ASPERTINI;in prossimità;;del civico n. ;110;;Veicolo in marcia contro ostacolo accidentale;Rettilineo;Una carreggiata a doppio senso;Bagnato (pioggia);Asfaltata;Orizzontale;Pioggia in atto;Scarso;Sufficiente;Sufficiente;0;0;0;1;12.6271724;41.875776;-1;1;Autovettura privata;In marcia / fermata / arresto;Conducente;M;Illeso;0;;Non accertato;Inesploso
1960313;8;23/11/2013 14:15;Strada Urbana;VIALE DEI ROMANISTI;da specificare;;;;200 mt. prima di via Pizzirani dir. Togliatti;Veicolo in marcia contro ostacolo accidentale;Curva senza visuale libera;Una carreggiata a senso unico di marcia;Bagnato (pioggia);Asfaltata;Verticale ed orizzontale;Pioggia in atto;Normale;Sufficiente;Ore Diurne;0;0;0;1;;;-1;1;Autovettura privata;In marcia / fermata / arresto;Conducente;M;Illeso;0;;Non accertato;Inesploso
1960314;8;23/11/2013 14:15;Strada Urbana;VIALE DEI ROMANISTI;da specificare;;;;200 mt. prima di Via Pizzirani dir. Togliatti;Veicolo in marcia contro ostacolo accidentale;Curva a visuale libera;Una carreggiata a senso unico di marcia;Bagnato (pioggia);Asfaltata;Verticale ed orizzontale;Pioggia in atto;Scarso;Sufficiente;Ore Diurne;0;0;0;1;;;-1;1;Autovettura privata;In marcia / fermata / arresto;Conducente;M;Illeso;0;;Non accertato;Inesploso
1960315;8;23/11/2013 18:45;Strada Urbana;VIALE OXFORD;da specificare;;;;rampa inversione di marcia dir. PTV;Veicolo in marcia contro ostacolo accidentale;Rettilineo;Due carreggiate;Bagnato (pioggia);Con buche;Verticale ed orizzontale;Pioggia in atto;Normale;Insufficiente;Insufficiente;0;0;0;2;;;-1;1;Autovettura privata;In marcia / fermata / arresto;Conducente;F;Illeso;0;;Non accertato;Inesploso
1960315;8;23/11/2013 18:45;Strada Urbana;VIALE OXFORD;da specificare;;;;rampa inversione di marcia dir. PTV;Veicolo in marcia contro ostacolo accidentale;Rettilineo;Due carreggiate;Bagnato (pioggia);Con buche;Verticale ed orizzontale;Pioggia in atto;Normale;Insufficiente;Insufficiente;0;0;0;2;;;-1;1;Autovettura privata;In marcia / fermata / arresto;Passeggero;F;Illeso;0;;Non accertato;Inesploso
1960316;8;23/11/2013 19:00;Strada Urbana;VIALE OXFORD;da specificare;;;;rampa inversione di marcia dir. PTV;Veicolo in marcia contro ostacolo accidentale;Rettilineo;Due carreggiate;Bagnato (pioggia);Con buche;Verticale ed orizzontale;Pioggia in atto;Normale;Insufficiente;Insufficiente;0;0;0;3;;;-1;1;Autovettura privata;In marcia / fermata / arresto;Conducente;M;Illeso;0;;Non accertato;Inesploso
1960316;8;23/11/2013 19:00;Strada Urbana;VIALE OXFORD;da specificare;;;;rampa inversione di marcia dir. PTV;Veicolo in marcia contro ostacolo accidentale;Rettilineo;Due carreggiate;Bagnato (pioggia);Con buche;Verticale ed orizzontale;Pioggia in atto;Normale;Insufficiente;Insufficiente;0;0;0;3;;;-1;1;Autovettura privata;In marcia / fermata / arresto;Passeggero;F;Illeso;0;;Non accertato;Inesploso
1960316;8;23/11/2013 19:00;Strada Urbana;VIALE OXFORD;da specificare;;;;rampa inversione di marcia dir. PTV;Veicolo in marcia contro ostacolo accidentale;Rettilineo;Due carreggiate;Bagnato (pioggia);Con buche;Verticale ed orizzontale;Pioggia in atto;Normale;Insufficiente;Insufficiente;0;0;0;3;;;-1;1;Autovettura privata;In marcia / fermata / arresto;Passeggero;M;Illeso;0;;Non accertato;Inesploso
1960317;8;23/11/2013 09:20;Strada Urbana;VIA DI SALONE;in corrispondenza;;del civico n. ;371;;Veicolo in marcia contro ostacolo accidentale;Curva senza visuale libera;Una carreggiata a doppio senso;Bagnato (umidità in atto);Strada pavimentata dissestata;Assente;Pioggia in atto;Normale;Sufficiente;Ore Diurne;0;0;0;1;12.634942;41.9207411;-1;1;Autocarro inferiore 35 q.;In marcia / fermata / arresto;Conducente;M;Illeso;0;;Non accertato;Inesploso
1960318;8;23/11/2013 09:15;Strada Urbana;VIA DI SALONE;in corrispondenza;;del civico n. ;371;;Veicolo in marcia contro ostacolo accidentale;Curva senza visuale libera;Una carreggiata a doppio senso;Bagnato (umidità in atto);Strada pavimentata dissestata;Assente;Pioggia in atto;Scarso;Sufficiente;Ore Diurne;0;0;0;1;12.634942;41.9207411;-1;1;Autovettura privata;In marcia / fermata / arresto;Conducente;M;Illeso;0;;Non accertato;Inesistente
1960319;8;23/11/2013 10:05;Strada Urbana;VIA GAGLIANO DEL CAPO;in corrispondenza;;del civico n. ;108;;Veicolo in marcia contro ostacolo accidentale;Rettilineo;Una carreggiata a doppio senso;Bagnato (pioggia);Asfaltata;Verticale ed orizzontale;Pioggia in atto;Normale;Buona;Ore Diurne;0;0;0;3;12.6512419;41.8546968;-1;1;Autovettura privata;In marcia / fermata / arresto;Conducente;M;Illeso;0;;Non accertato;Inesploso
1960319;8;23/11/2013 10:05;Strada Urbana;VIA GAGLIANO DEL CAPO;in corrispondenza;;del civico n. ;108;;Veicolo in marcia contro ostacolo accidentale;Rettilineo;Una carreggiata a doppio senso;Bagnato (pioggia);Asfaltata;Verticale ed orizzontale;Pioggia in atto;Normale;Buona;Ore Diurne;0;0;0;3;12.6512419;41.8546968;-1;1;Autovettura privata;In marcia / fermata / arresto;Passeggero;M;Illeso;0;;Non accertato;Inesploso
1960319;8;23/11/2013 10:05;Strada Urbana;VIA GAGLIANO DEL CAPO;in corrispondenza;;del civico n. ;108;;Veicolo in marcia contro ostacolo accidentale;Rettilineo;Una carreggiata a doppio senso;Bagnato (pioggia);Asfaltata;Verticale ed orizzontale;Pioggia in atto;Normale;Buona;Ore Diurne;0;0;0;3;12.6512419;41.8546968;-1;1;Autovettura privata;In marcia / fermata / arresto;Passeggero;M;Illeso;0;;Non accertato;Inesploso
1960320;9;22/11/2013 20:30;Strada Urbana;VIA GENZANO;all'intersezione con;VIA ROCCA DI PAPA;VIA ROCCA DI PAPA;;;Scontro frontale/laterale DX fra veicoli in marcia;Incrocio;Una carreggiata a doppio senso;Bagnato (pioggia);Asfaltata;Verticale ed orizzontale;Pioggia in atto;Normale;Insufficiente;Insufficiente;1;0;0;1;;;-1;1;Autovettura privata;In marcia / fermata / arresto;Conducente;F;Rimandato;0;NON DECEDUTO;Non accertato;Inesploso
1960320;9;22/11/2013 20:30;Strada Urbana;VIA GENZANO;all'intersezione con;VIA ROCCA DI PAPA;VIA ROCCA DI PAPA;;;Scontro frontale/laterale DX fra veicoli in marcia;Incrocio;Una carreggiata a doppio senso;Bagnato (pioggia);Asfaltata;Verticale ed orizzontale;Pioggia in atto;Normale;Insufficiente;Insufficiente;1;0;0;1;;;-1;2;Autovettura privata;In marcia / fermata / arresto;Conducente;M;Illeso;0;;Non accertato;Inesploso
1960321;9;23/11/2013 08:50;Strada Urbana;VIA MONTEPULCIANO;all'intersezione con;VIA MIRANDOLA;VIA MIRANDOLA;;;Scontro laterale fra veicoli in marcia;Intersezione stradale segnalata;Una carreggiata a senso unico di marcia;Bagnato (pioggia);Strada pavimentata dissestata;Verticale;Pioggia in atto;Scarso;Sufficiente;Ore Diurne;0;0;0;2;;;-1;1;Autovettura privata;In marcia / fermata / arresto;Conducente;M;Illeso;0;;Non accertato;Inesistente
1960321;9;23/11/2013 08:50;Strada Urbana;VIA MONTEPULCIANO;all'intersezione con;VIA MIRANDOLA;VIA MIRANDOLA;;;Scontro laterale fra veicoli in marcia;Intersezione stradale segnalata;Una carreggiata a senso unico di marcia;Bagnato (pioggia);Strada pavimentata dissestata;Verticale;Pioggia in atto;Scarso;Sufficiente;Ore Diurne;0;0;0;2;;;-1;2;Autovettura privata;In marcia / fermata / arresto;Conducente;M;Illeso;0;;Non accertato;Inesistente
1960322;9;23/11/2013 15:30;Strada Urbana;VIA AOSTA;all'intersezione con;VIA TUSCOLANA;VIA TUSCOLANA;;;Infortunio per sola frenata improvvisa;Incrocio;Due carreggiate;Bagnato (pioggia);Asfaltata;Verticale ed orizzontale;Pioggia in atto;Normale;Buona;Ore Diurne;2;0;0;0;;;-1;1;Motociclo a solo;In marcia / fermata / arresto;Conducente;M;Rimandato;0;NON DECEDUTO;Non accertato;Inesistente
1960322;9;23/11/2013 15:30;Strada Urbana;VIA AOSTA;all'intersezione con;VIA TUSCOLANA;VIA TUSCOLANA;;;Infortunio per sola frenata improvvisa;Incrocio;Due carreggiate;Bagnato (pioggia);Asfaltata;Verticale ed orizzontale;Pioggia in atto;Normale;Buona;Ore Diurne;2;0;0;0;;;-1;2;Autovettura privata;In marcia / fermata / arresto;Conducente;F;Rimandato;0;NON DECEDUTO;Non accertato;Inesistente
1960323;9;23/11/2013 11:40;Strada Urbana;VIA APPIA NUOVA;all'intersezione con;VIA DEI CESSATI SPIRITI;VIA DEI CESSATI SPIRITI;;;Scontro laterale fra veicoli in marcia;Incrocio;Due carreggiate;Bagnato (pioggia);Asfaltata;Verticale ed orizzontale;Pioggia in atto;Normale;Buona;Ore Diurne;0;0;0;3;;;-1;1;Autocarro inferiore 35 q.;In marcia / fermata / arresto;Conducente;M;Illeso;0;;Non accertato;Inesistente
1960323;9;23/11/2013 11:40;Strada Urbana;VIA APPIA NUOVA;all'intersezione con;VIA DEI CESSATI SPIRITI;VIA DEI CESSATI SPIRITI;;;Scontro laterale fra veicoli in marcia;Incrocio;Due carreggiate;Bagnato (pioggia);Asfaltata;Verticale ed orizzontale;Pioggia in atto;Normale;Buona;Ore Diurne;0;0;0;3;;;-1;2;Autovettura privata;In marcia / fermata / arresto;Conducente;M;Illeso;0;;Non accertato;Inesistente
1960323;9;23/11/2013 11:40;Strada Urbana;VIA APPIA NUOVA;all'intersezione con;VIA DEI CESSATI SPIRITI;VIA DEI CESSATI SPIRITI;;;Scontro laterale fra veicoli in marcia;Incrocio;Due carreggiate;Bagnato (pioggia);Asfaltata;Verticale ed orizzontale;Pioggia in atto;Normale;Buona;Ore Diurne;0;0;0;3;;;-1;2;Autovettura privata;In marcia / fermata / arresto;Passeggero;M;Illeso;0;;Non accertato;Inesistente
1960324;9;23/11/2013 12:55;Strada Urbana;VIA FALERIA;in prossimità;;del civico n. ;65;;Veicolo in marcia contro veicolo fermo;Rettilineo;Una carreggiata a senso unico di marcia;Bagnato (pioggia);Asfaltata;Verticale ed orizzontale;Pioggia in atto;Normale;Buona;Ore Diurne;0;0;0;3;12.5089067;41.8822558;-1;1;Autovettura privata;In marcia / fermata / arresto;Conducente;F;Illeso;0;;Utilizzato;Inesistente
1960324;9;23/11/2013 12:55;Strada Urbana;VIA FALERIA;in prossimità;;del civico n. ;65;;Veicolo in marcia contro veicolo fermo;Rettilineo;Una carreggiata a senso unico di marcia;Bagnato (pioggia);Asfaltata;Verticale ed orizzontale;Pioggia in atto;Normale;Buona;Ore Diurne;0;0;0;3;12.5089067;41.8822558;-1;2;Autovettura privata;In marcia / fermata / arresto;Conducente;M;Illeso;0;;Utilizzato;Inesistente
1960324;9;23/11/2013 12:55;Strada Urbana;VIA FALERIA;in prossimità;;del civico n. ;65;;Veicolo in marcia contro veicolo fermo;Rettilineo;Una carreggiata a senso unico di marcia;Bagnato (pioggia);Asfaltata;Verticale ed orizzontale;Pioggia in atto;Normale;Buona;Ore Diurne;0;0;0;3;12.5089067;41.8822558;-1;2;Autovettura privata;In marcia / fermata / arresto;Passeggero;F;Illeso;0;;Utilizzato;Inesploso
1960325;20;23/11/2013 23:50;Regionale entro l'abitato;VIA FLAMINIA;da specificare;;;;altezza GRA direzione centro;Scontro laterale fra veicoli in marcia;Curva senza visuale libera;Due carreggiate;Bagnato (pioggia);Asfaltata;Verticale ed orizzontale;Pioggia in atto;Scarso;Sufficiente;Sufficiente;0;0;0;6;;;-1;1;Autobus urbano;In marcia / fermata / arresto;Conducente;M;Illeso;0;;Non accertato;Inesistente
1960325;20;23/11/2013 23:50;Regionale entro l'abitato;VIA FLAMINIA;da specificare;;;;altezza GRA direzione centro;Scontro laterale fra veicoli in marcia;Curva senza visuale libera;Due carreggiate;Bagnato (pioggia);Asfaltata;Verticale ed orizzontale;Pioggia in atto;Scarso;Sufficiente;Sufficiente;0;0;0;6;;;-1;2;Autovettura privata;In marcia / fermata / arresto;Conducente;M;Illeso;0;;;Inesistente
1960325;20;23/11/2013 23:50;Regionale entro l'abitato;VIA FLAMINIA;da specificare;;;;altezza GRA direzione centro;Scontro laterale fra veicoli in marcia;Curva senza visuale libera;Due carreggiate;Bagnato (pioggia);Asfaltata;Verticale ed orizzontale;Pioggia in atto;Scarso;Sufficiente;Sufficiente;0;0;0;6;;;-1;2;Autovettura privata;In marcia / fermata / arresto;Passeggero;M;Illeso;0;;Non accertato;Inesistente
1960325;20;23/11/2013 23:50;Regionale entro l'abitato;VIA FLAMINIA;da specificare;;;;altezza GRA direzione centro;Scontro laterale fra veicoli in marcia;Curva senza visuale libera;Due carreggiate;Bagnato (pioggia);Asfaltata;Verticale ed orizzontale;Pioggia in atto;Scarso;Sufficiente;Sufficiente;0;0;0;6;;;-1;2;Autovettura privata;In marcia / fermata / arresto;Passeggero;M;Illeso;0;;;Inesistente
1960325;20;23/11/2013 23:50;Regionale entro l'abitato;VIA FLAMINIA;da specificare;;;;altezza GRA direzione centro;Scontro laterale fra veicoli in marcia;Curva senza visuale libera;Due carreggiate;Bagnato (pioggia);Asfaltata;Verticale ed orizzontale;Pioggia in atto;Scarso;Sufficiente;Sufficiente;0;0;0;6;;;-1;2;Autovettura privata;In marcia / fermata / arresto;Passeggero;M;Illeso;0;;Non accertato;Inesistente
1960325;20;23/11/2013 23:50;Regionale entro l'abitato;VIA FLAMINIA;da specificare;;;;altezza GRA direzione centro;Scontro laterale fra veicoli in marcia;Curva senza visuale libera;Due carreggiate;Bagnato (pioggia);Asfaltata;Verticale ed orizzontale;Pioggia in atto;Scarso;Sufficiente;Sufficiente;0;0;0;6;;;-1;2;Autovettura privata;In marcia / fermata / arresto;Passeggero;M;Illeso;0;;Non accertato;Inesistente
1960326;13;23/11/2013 13:50;Strada Urbana;VIA MARCELLO MASTROIANNI;da specificare;;;;prossimità Piazza Charlot;Veicolo in marcia contro ostacolo fisso;Rettilineo;Una carreggiata a doppio senso;Bagnato (pioggia);Asfaltata;Assente;Pioggia in atto;Scarso;Buona;Ore Diurne;2;0;0;0;;;-1;1;Ciclomotore con passeggero;In marcia / fermata / arresto;Conducente;M;Rimandato;0;NON DECEDUTO;Non accertato;Inesistente
1960326;13;23/11/2013 13:50;Strada Urbana;VIA MARCELLO MASTROIANNI;da specificare;;;;prossimità Piazza Charlot;Veicolo in marcia contro ostacolo fisso;Rettilineo;Una carreggiata a doppio senso;Bagnato (pioggia);Asfaltata;Assente;Pioggia in atto;Scarso;Buona;Ore Diurne;2;0;0;0;;;-1;1;Ciclomotore con passeggero;In marcia / fermata / arresto;Passeggero;F;Rimandato;0;NON DECEDUTO;Non accertato;Inesistente
1960327;9;23/11/2013 19:05;Strada Urbana;VIA ORVIETO;all'intersezione con;VIA TERNI;VIA TERNI;;;Scontro frontale/laterale SX fra veicoli in marcia;Incrocio;Una carreggiata a senso unico di marcia;Bagnato (pioggia);Asfaltata;Verticale ed orizzontale;Pioggia in atto;Normale;Sufficiente;Sufficiente;0;0;0;2;;;-1;1;Autovettura privata;In marcia / fermata / arresto;Conducente;M;Illeso;0;;Non accertato;Inesploso
1960327;9;23/11/2013 19:05;Strada Urbana;VIA ORVIETO;all'intersezione con;VIA TERNI;VIA TERNI;;;Scontro frontale/laterale SX fra veicoli in marcia;Incrocio;Una carreggiata a senso unico di marcia;Bagnato (pioggia);Asfaltata;Verticale ed orizzontale;Pioggia in atto;Normale;Sufficiente;Sufficiente;0;0;0;2;;;-1;2;Autovettura privata;In marcia / fermata / arresto;Conducente;M;Illeso;0;;Non accertato;Inesploso
1960328;9;24/11/2013 03:50;Strada Urbana;VIA CILICIA;in prossimità;;del palo luce n. ;SPH17;;Veicolo in marcia contro ostacolo fisso;Curva a visuale libera;Due carreggiate;Asciutto;Asfaltata;Assente;Sereno;Scarso;Buona;Sufficiente;0;0;0;3;;;-1;1;Autovettura privata;In marcia / fermata / arresto;Conducente;M;Illeso;0;;Non accertato;Esploso
1960328;9;24/11/2013 03:50;Strada Urbana;VIA CILICIA;in prossimità;;del palo luce n. ;SPH17;;Veicolo in marcia contro ostacolo fisso;Curva a visuale libera;Due carreggiate;Asciutto;Asfaltata;Assente;Sereno;Scarso;Buona;Sufficiente;0;0;0;3;;;-1;1;Autovettura privata;In marcia / fermata / arresto;Passeggero;M;Illeso;0;;;Inesistente
1960328;9;24/11/2013 03:50;Strada Urbana;VIA CILICIA;in prossimità;;del palo luce n. ;SPH17;;Veicolo in marcia contro ostacolo fisso;Curva a visuale libera;Due carreggiate;Asciutto;Asfaltata;Assente;Sereno;Scarso;Buona;Sufficiente;0;0;0;3;;;-1;1;Autovettura privata;In marcia / fermata / arresto;Passeggero;M;Illeso;0;;;Inesistente
1960329;13;23/11/2013 16:15;Strada Urbana;VIA ANGELO CANEVARI;da specificare;;;;altezza Via di Acilia;Tamponamento;Rettilineo;Una carreggiata a doppio senso;Bagnato (pioggia);Asfaltata;Verticale ed orizzontale;Pioggia in atto;Normale;Buona;Ore Diurne;0;0;0;4;;;-1;1;Autovettura privata;In marcia / fermata / arresto;Conducente;F;Illeso;0;;Non accertato;Inesploso
1960329;13;23/11/2013 16:15;Strada Urbana;VIA ANGELO CANEVARI;da specificare;;;;altezza Via di Acilia;Tamponamento;Rettilineo;Una carreggiata a doppio senso;Bagnato (pioggia);Asfaltata;Verticale ed orizzontale;Pioggia in atto;Normale;Buona;Ore Diurne;0;0;0;4;;;-1;1;Autovettura privata;In marcia / fermata / arresto;Passeggero;F;Illeso;0;;Non accertato;Inesploso
1960329;13;23/11/2013 16:15;Strada Urbana;VIA ANGELO CANEVARI;da specificare;;;;altezza Via di Acilia;Tamponamento;Rettilineo;Una carreggiata a doppio senso;Bagnato (pioggia);Asfaltata;Verticale ed orizzontale;Pioggia in atto;Normale;Buona;Ore Diurne;0;0;0;4;;;-1;1;Autovettura privata;In marcia / fermata / arresto;Passeggero;F;Illeso;0;;Non accertato;Inesploso
1960329;13;23/11/2013 16:15;Strada Urbana;VIA ANGELO CANEVARI;da specificare;;;;altezza Via di Acilia;Tamponamento;Rettilineo;Una carreggiata a doppio senso;Bagnato (pioggia);Asfaltata;Verticale ed orizzontale;Pioggia in atto;Normale;Buona;Ore Diurne;0;0;0;4;;;-1;2;Autovettura privata;In marcia / fermata / arresto;Conducente;M;Illeso;0;;Non accertato;Inesistente
1960330;20;23/11/2013 19:30;Strada Urbana;SOTTOVIA IGNAZIO GUIDI;da specificare;;;;prossimità uscita su Via Nomentana;Veicolo in marcia contro ostacolo fisso;Curva senza visuale libera;Una carreggiata a senso unico di marcia;Bagnato (pioggia);Asfaltata;Verticale ed orizzontale;Pioggia in atto;Normale;Sufficiente;Sufficiente;0;0;0;1;12.50066;41.90985;-1;1;Autovettura privata;In marcia / fermata / arresto;Conducente;F;Illeso;0;;Non accertato;Inesploso
1960331;20;23/11/2013 09:50;Strada Urbana;VIA FLAMINIA NUOVA;in corrispondenza;;del civico n.;249;;Scontro laterale fra veicoli in marcia;Rettilineo;Più di due carreggiate;Bagnato (pioggia);Asfaltata;Verticale ed orizzontale;Pioggia in atto;Normale;Sufficiente;Ore Diurne;0;0;0;3;12.4727292;41.9527186;-1;1;Autocarro inferiore 35 q.;In marcia / fermata / arresto;Conducente;M;Illeso;0;;Non accertato;Inesistente
1960331;20;23/11/2013 09:50;Strada Urbana;VIA FLAMINIA NUOVA;in corrispondenza;;del civico n.;249;;Scontro laterale fra veicoli in marcia;Rettilineo;Più di due carreggiate;Bagnato (pioggia);Asfaltata;Verticale ed orizzontale;Pioggia in atto;Normale;Sufficiente;Ore Diurne;0;0;0;3;12.4727292;41.9527186;-1;2;Autovettura privata;In marcia / fermata / arresto;Conducente;F;Illeso;0;;Non accertato;Inesploso
1960331;20;23/11/2013 09:50;Strada Urbana;VIA FLAMINIA NUOVA;in corrispondenza;;del civico n.;249;;Scontro laterale fra veicoli in marcia;Rettilineo;Più di due carreggiate;Bagnato (pioggia);Asfaltata;Verticale ed orizzontale;Pioggia in atto;Normale;Sufficiente;Ore Diurne;0;0;0;3;12.4727292;41.9527186;-1;2;Autovettura privata;In marcia / fermata / arresto;Passeggero;F;Illeso;0;;Non accertato;Inesistente
1960332;13;23/11/2013 19:00;Strada Urbana;VIA DI MACCHIA SAPONARA;in corrispondenza;;del civico n. ;156;;Scontro frontale/laterale DX fra veicoli in marcia;Rettilineo;Una carreggiata a doppio senso;Bagnato (pioggia);Asfaltata;Verticale ed orizzontale;Sereno;Normale;Buona;Sufficiente;0;0;0;3;12.3608474;41.7620787;-1;1;Autovettura privata;In marcia / fermata / arresto;Conducente;M;Illeso;0;;Non accertato;Inesistente
1960332;13;23/11/2013 19:00;Strada Urbana;VIA DI MACCHIA SAPONARA;in corrispondenza;;del civico n. ;156;;Scontro frontale/laterale DX fra veicoli in marcia;Rettilineo;Una carreggiata a doppio senso;Bagnato (pioggia);Asfaltata;Verticale ed orizzontale;Sereno;Normale;Buona;Sufficiente;0;0;0;3;12.3608474;41.7620787;-1;1;Autovettura privata;In marcia / fermata / arresto;Passeggero;F;Illeso;0;;Non accertato;Inesploso
1960332;13;23/11/2013 19:00;Strada Urbana;VIA DI MACCHIA SAPONARA;in corrispondenza;;del civico n. ;156;;Scontro frontale/laterale DX fra veicoli in marcia;Rettilineo;Una carreggiata a doppio senso;Bagnato (pioggia);Asfaltata;Verticale ed orizzontale;Sereno;Normale;Buona;Sufficiente;0;0;0;3;12.3608474;41.7620787;-1;1;Autovettura privata;In marcia / fermata / arresto;Passeggero;M;Illeso;0;;Non accertato;Inesploso
1960333;20;23/11/2013 17:10;Strada Urbana;LUNGOTEVERE MARESCIALLO DIAZ;da specificare;;;;altezza Via Boselli direzione G.R.A.;Tamponamento;Rettilineo;Due carreggiate;Bagnato (pioggia);Asfaltata;Assente;Pioggia in atto;Intenso;Buona;Sufficiente;0;0;0;3;12.46044;41.93278;-1;1;Autovettura privata;In marcia / fermata / arresto;Conducente;M;Illeso;0;;Non accertato;Inesistente
1960333;20;23/11/2013 17:10;Strada Urbana;LUNGOTEVERE MARESCIALLO DIAZ;da specificare;;;;altezza Via Boselli direzione G.R.A.;Tamponamento;Rettilineo;Due carreggiate;Bagnato (pioggia);Asfaltata;Assente;Pioggia in atto;Intenso;Buona;Sufficiente;0;0;0;3;12.46044;41.93278;-1;2;Autocarro inferiore 35 q.;In marcia / fermata / arresto;Conducente;F;Illeso;0;;Non accertato;Inesploso
1960333;20;23/11/2013 17:10;Strada Urbana;LUNGOTEVERE MARESCIALLO DIAZ;da specificare;;;;altezza Via Boselli direzione G.R.A.;Tamponamento;Rettilineo;Due carreggiate;Bagnato (pioggia);Asfaltata;Assente;Pioggia in atto;Intenso;Buona;Sufficiente;0;0;0;3;12.46044;41.93278;-1;2;Autocarro inferiore 35 q.;In marcia / fermata / arresto;Passeggero;F;Illeso;0;;Non accertato;Inesploso
1960334;13;23/11/2013 16:30;Strada Urbana;VIA GIANCARLO PASSERONI;in corrispondenza;;del civico n. ;1;;Scontro frontale/laterale SX fra veicoli in marcia;Rettilineo;Una carreggiata a doppio senso;Bagnato (pioggia);Asfaltata;Verticale ed orizzontale;Pioggia in atto;Normale;Sufficiente;Sufficiente;0;0;0;3;;;-1;1;Autovettura privata;In marcia / fermata / arresto;Conducente;M;Illeso;0;;Non accertato;Inesistente
1960334;13;23/11/2013 16:30;Strada Urbana;VIA GIANCARLO PASSERONI;in corrispondenza;;del civico n. ;1;;Scontro frontale/laterale SX fra veicoli in marcia;Rettilineo;Una carreggiata a doppio senso;Bagnato (pioggia);Asfaltata;Verticale ed orizzontale;Pioggia in atto;Normale;Sufficiente;Sufficiente;0;0;0;3;;;-1;2;Autovettura privata;In marcia / fermata / arresto;Conducente;F;Illeso;0;;Non utilizzato;Inesistente